time_s,probe,s_mm,n_mm,z_mm,material_id,birth_fraction,elmer_common_c,fvm_common_c,delta_common_c,elmer_native_c,fvm_native_c,delta_native_c
18.0,weld_center,0.0,-0.5,0.5,3,1.0,512.7780979594384,522.803469125928,-10.025371166489663,488.4702335057556,522.803469125928,-34.333235620172445
18.0,qt_near_interface,0.0,-0.2,-0.2,2,1.0,442.1915234950837,458.0530780688035,-15.861554573719786,420.0582956129062,458.053078068804,-37.99478245589779
18.0,qt_far,0.0,-1.0,-1.0,2,1.0,406.27650198047775,412.2691585796966,-5.992656599218833,388.9630302838538,412.269158579697,-23.306128295843166
18.0,q235_near_interface,0.0,0.2,0.0,1,1.0,411.84200742851465,404.61583854315774,7.226168885356913,402.4902319327221,404.615838543158,-2.1256066104359093
18.0,q235_far,0.0,1.0,0.0,1,1.0,383.25604035914114,377.95253259338756,5.303507765753579,376.3683088461975,377.952532593388,-1.5842237471904923
18.1,weld_center,0.0,-0.5,0.5,3,1.0,529.2526828144544,539.8067894220618,-10.554106607607423,503.65655700027725,539.806789422062,-36.15023242178478
18.1,qt_near_interface,0.0,-0.2,-0.2,2,1.0,453.9933054525315,471.0946228348833,-17.101317382351795,431.2386824510597,471.094622834883,-39.85594038382334
18.1,qt_far,0.0,-1.0,-1.0,2,1.0,416.2911577070453,422.8048796270946,-6.513721920049306,398.6793406109449,422.804879627095,-24.12553901615007
18.1,q235_near_interface,0.0,0.2,0.0,1,1.0,421.274846406623,413.816141555782,7.458704850841002,412.09452536927324,413.816141555782,-1.7216161865087543
18.1,q235_far,0.0,1.0,0.0,1,1.0,390.7380606097381,385.42508217437313,5.3129784353649825,384.0104533462383,385.425082174373,-1.4146288281347097
18.2,weld_center,0.0,-0.5,0.5,3,1.0,545.7995624168401,556.9598498270071,-11.16028741016703,519.0324767057449,556.959849827007,-37.92737312126212
18.2,qt_near_interface,0.0,-0.2,-0.2,2,1.0,465.8690538936812,484.26501347129187,-18.395959577610654,442.5460179722965,484.265013471292,-41.71899549899547
18.2,qt_far,0.0,-1.0,-1.0,2,1.0,426.3772269389409,433.455420440153,-7.07819350121207,408.5105414572098,433.455420440153,-24.94487898294318
18.2,q235_near_interface,0.0,0.2,0.0,1,1.0,430.766968892435,423.10230898739337,7.664659905041617,421.80297147679164,423.102308987393,-1.2993375106013332
18.2,q235_far,0.0,1.0,0.0,1,1.0,398.27358057978734,392.9704036413309,5.303176938456431,391.7339853206578,392.970403641331,-1.2364183206732378
18.3,weld_center,0.0,-0.5,0.5,3,1.0,562.3551960038612,574.1827439829738,-11.827547979112524,534.5241566557401,574.182743982974,-39.65858732723393
18.3,qt_near_interface,0.0,-0.2,-0.2,2,1.0,477.77211946698543,497.5042034854493,-19.732084018463866,453.93225541762007,497.50420348545,-43.57194806782991
18.3,qt_far,0.0,-1.0,-1.0,2,1.0,436.4952911986421,444.1730737141326,-7.677782515490492,418.4142063432873,444.173073714133,-25.758867370845735
18.3,q235_near_interface,0.0,0.2,0.0,1,1.0,440.28410628027876,432.43725665265407,7.846849627624692,431.57692567983224,432.437256652654,-0.860330972821771
18.3,q235_far,0.0,1.0,0.0,1,1.0,405.83709584975736,400.5607104950457,5.2763853547116355,399.5104835128051,400.560710495046,-1.050226982240929
18.400000000000002,weld_center,0.0,-0.5,0.5,3,1.0,578.8609835750877,591.3992059064923,-12.53822233140454,550.0576060002991,591.3992059064926,-41.34159990619355
18.400000000000002,qt_near_interface,0.0,-0.2,-0.2,2,1.0,489.66118639303966,510.75731131785756,-21.0961249248179,465.351994987098,510.75731131785847,-45.405316330760456
18.400000000000002,qt_far,0.0,-1.0,-1.0,2,1.0,446.6102509301805,454.9141616920423,-8.3039107618618,428.351687372648,454.9141616920424,-26.562474319394425
18.400000000000002,q235_near_interface,0.0,0.2,0.0,1,1.0,449.7958085019418,441.78694214817796,8.008866353763835,441.38024219292345,441.78694214817835,-0.40669995525490776
18.400000000000002,q235_far,0.0,1.0,0.0,1,1.0,413.40603400110336,408.17065256789346,5.235381433209909,407.3140293236166,408.1706525678933,-0.8566232442767046
18.5,weld_center,0.0,-0.5,0.5,3,1.0,595.2615595682364,608.5353182823338,-13.273758714097426,565.5590041043052,608.535318282334,-42.9763141780287
18.5,qt_near_interface,0.0,-0.2,-0.2,2,1.0,501.4986165431229,523.9731093659744,-22.474492822851516,476.7619310863924,523.973109365975,-47.21117827958261
18.5,qt_far,0.0,-1.0,-1.0,2,1.0,456.69012952810385,465.63807085490856,-8.94794132680471,438.2871957913056,465.638070854909,-27.35087506360344
18.5,q235_near_interface,0.0,0.2,0.0,1,1.0,459.27430536610683,451.1195215596008,8.154783806506032,451.17872983467873,451.119521559601,0.059208275077708095
18.5,q235_far,0.0,1.0,0.0,1,1.0,420.9599747645749,415.77673094125015,5.183243823324744,415.12063798498286,415.77673094125,-0.6560929562671163
18.6,weld_center,0.0,-0.5,0.5,3,1.0,611.5037867632977,625.5187571265211,-14.01497036322337,580.9548229273137,625.518757126521,-44.563934199207324
18.6,qt_near_interface,0.0,-0.2,-0.2,2,1.0,513.2493810024362,537.1029960803891,-23.853615077952895,488.1204031723286,537.102996080389,-48.982592908060326
18.6,qt_far,0.0,-1.0,-1.0,2,1.0,466.7052548173116,476.3065205148566,-9.601265697544989,448.1871228401195,476.306520514857,-28.119397674737513
18.6,q235_near_interface,0.0,0.2,0.0,1,1.0,468.6937581611854,460.4047622916695,8.288995869515873,460.9397225443889,460.40476229167,0.5349602527189177
18.6,q235_far,0.0,1.0,0.0,1,1.0,428.4801020259131,423.3568562643085,5.123245761604608,422.9078214143145,423.356856264308,-0.4490348499934953
18.7,weld_center,0.0,-0.5,0.5,3,1.0,627.536190652907,642.2784325082843,-14.742241855377301,596.1719528255887,642.278432508284,-46.106479682695294
18.7,qt_near_interface,0.0,-0.2,-0.2,2,1.0,524.8803775552086,550.1003379071598,-25.21996035195116,499.3870724035312,550.10033790716,-50.713265503628804
18.7,qt_far,0.0,-1.0,-1.0,2,1.0,476.6277088001851,486.8830488872346,-10.255340087049547,458.0195563631897,486.883048887235,-28.86349252404534
18.7,q235_near_interface,0.0,0.2,0.0,1,1.0,478.0297732443369,469.6136605083454,8.416112735991533,470.6317674883185,469.613660508346,1.0181069799724582
18.7,q235_far,0.0,1.0,0.0,1,1.0,435.94882611403204,430.8900375911629,5.058788522869122,430.6542677578548,430.890037591163,-0.23576983330815438
18.8,weld_center,0.0,-0.5,0.5,3,1.0,646.0581607675003,664.1302878633671,-18.07212709586679,616.3402383207291,664.130287863367,-47.79004954263792
18.8,qt_near_interface,0.0,-0.2,-0.2,2,1.0,537.2023839482206,564.6872640906731,-27.48488014245254,511.8183672687405,564.687264090673,-52.86889682193254
18.8,qt_far,0.0,-1.0,-1.0,2,1.0,487.1196840045607,498.573096351341,-11.453412346780283,468.4523340617349,498.573096351341,-30.12076228960609
18.8,q235_near_interface,0.0,0.2,0.0,1,1.0,487.8196978692244,479.7709783724228,8.048719496801596,481.0410728541839,479.770978372423,1.270094481760907
18.8,q235_far,0.0,1.0,0.0,1,1.0,443.59854825341654,438.86412211124906,4.734426142167479,438.6793338431244,438.864122111249,-0.18478826812457783
18.900000000000002,weld_center,0.0,-0.5,0.5,3,1.0,666.4141676001809,689.4555423575254,-23.041374757344443,640.4497362384853,689.4555423575259,-49.005806119040585
18.900000000000002,qt_near_interface,0.0,-0.2,-0.2,2,1.0,550.318711376324,580.9703683081522,-30.651656931828143,525.6563879486044,580.9703683081535,-55.31398035954908
18.900000000000002,qt_far,0.0,-1.0,-1.0,2,1.0,498.1899100034073,511.373719887617,-13.183809884209722,479.6394551790851,511.3737198876175,-31.734264708532407
18.900000000000002,q235_near_interface,0.0,0.2,0.0,1,1.0,498.13903184128236,490.8980234003677,7.241008440914641,492.40255199895864,490.8980234003684,1.504528598590241
18.900000000000002,q235_far,0.0,1.0,0.0,1,1.0,451.5035250094704,447.36605658345866,4.137468426011765,447.12646690650763,447.36605658345934,-0.2395896769517094
19.0,weld_center,0.0,-0.5,0.5,3,1.0,687.6176677868046,716.2641976816576,-28.64652989485296,666.5805091385864,716.264197681658,-49.683688543071526
19.0,qt_near_interface,0.0,-0.2,-0.2,2,1.0,563.9709045812871,598.3313687496627,-34.36046416837564,540.512383702395,598.331368749663,-57.81898504726803
19.0,qt_far,0.0,-1.0,-1.0,2,1.0,509.6323473681636,524.8829234777406,-15.250576109577025,491.4212833410012,524.882923477741,-33.46164013673979
19.0,q235_near_interface,0.0,0.2,0.0,1,1.0,508.81954258880455,502.625515422864,6.194027165940554,504.5009374648927,502.625515422864,1.8754220420286742
19.0,q235_far,0.0,1.0,0.0,1,1.0,459.610561612457,456.2437685480405,3.36679306441647,455.9393763147092,456.24376854804,-0.304392233330816
19.1,weld_center,0.0,-0.5,0.5,3,1.0,709.1094648940926,743.5676059812213,-34.45814108712864,693.5907593894722,743.567605981221,-49.97684659174888
19.1,qt_near_interface,0.0,-0.2,-0.2,2,1.0,577.8962590065048,616.2275421581749,-38.33128315167005,555.9539228160143,616.227542158176,-60.27361934216174
19.1,qt_far,0.0,-1.0,-1.0,2,1.0,521.2654561689603,538.7660271611685,-17.500570992208168,503.5835930358367,538.766027161168,-35.182434125331326
19.1,q235_near_interface,0.0,0.2,0.0,1,1.0,519.6858002915103,514.6479215545169,5.037878736993434,517.044099506356,514.647921554517,2.396177951839036
19.1,q235_far,0.0,1.0,0.0,1,1.0,467.8372119475794,465.3321414633509,2.505070484228497,464.9971314338875,465.332141463351,-0.3350100294634899
19.200000000000003,weld_center,0.0,-0.5,0.5,3,1.0,730.5707627557465,770.8628384222661,-40.29207566651962,720.84369952714,770.8628384222669,-50.01913889512696
19.200000000000003,qt_near_interface,0.0,-0.2,-0.2,2,1.0,591.8989226522021,634.2992481451112,-42.40032549290902,571.6565093343887,634.2992481451126,-62.64273881072393
19.200000000000003,qt_far,0.0,-1.0,-1.0,2,1.0,532.9531649597096,552.790556262857,-19.837391303147342,515.9393693573942,552.7905562628574,-36.85118690546324
19.200000000000003,q235_near_interface,0.0,0.2,0.0,1,1.0,530.6047327697545,526.764890456187,3.8398423135674875,529.7959619890054,526.7648904561875,3.0310715328179185
19.200000000000003,q235_far,0.0,1.0,0.0,1,1.0,476.1088721244946,474.5065418224664,1.6023303020282356,474.18363431955424,474.5065418224663,-0.3229075029120736
19.3,weld_center,0.0,-0.5,0.5,3,1.0,751.8061444551219,797.866587174848,-46.0604427197261,747.9677600321193,797.866587174848,-49.89882714272869
19.3,qt_near_interface,0.0,-0.2,-0.2,2,1.0,605.8417795080886,652.3182724785281,-46.476492970439494,587.3987000945172,652.318272478528,-64.91957238401085
19.3,qt_far,0.0,-1.0,-1.0,2,1.0,544.595946008891,566.7986321459956,-22.202686137104592,528.3442880380004,566.798632145996,-38.45434410799555
19.3,q235_near_interface,0.0,0.2,0.0,1,1.0,541.4816463615946,538.8477250771355,2.63392128445912,542.5890695828061,538.847725077136,3.7413445056700994
19.3,q235_far,0.0,1.0,0.0,1,1.0,484.3662330019505,483.67964147290473,0.6865915290457565,483.406317916944,483.679641472905,-0.2733235559610421
19.400000000000002,weld_center,0.0,-0.5,0.5,3,1.0,772.6859613340331,824.4011130475676,-51.71515171353451,774.7307495206504,824.4011130475689,-49.670363526918436
19.400000000000002,qt_near_interface,0.0,-0.2,-0.2,2,1.0,619.628200251568,670.1354758385094,-50.50727558694132,603.0306350313466,670.1354758385106,-67.10484080716401
19.400000000000002,qt_far,0.0,-1.0,-1.0,2,1.0,556.1201869788607,580.6806163619127,-24.560429383051996,540.6911071204955,580.6806163619135,-39.98950924141798
19.400000000000002,q235_near_interface,0.0,0.2,0.0,1,1.0,552.2487500708069,550.8105370049655,1.4382130658414098,555.3076043309815,550.8105370049665,4.497067326014985
19.400000000000002,q235_far,0.0,1.0,0.0,1,1.0,492.5636425717506,492.78991791803276,-0.22627534628213652,492.5954765706295,492.7899179180333,-0.19444134740382424
19.5,weld_center,0.0,-0.5,0.5,3,1.0,793.1177340976275,850.3437398681828,-57.226005770555275,800.9767361316905,850.343739868183,-49.36700373649251
19.5,qt_near_interface,0.0,-0.2,-0.2,2,1.0,633.1879019593312,687.6479817763003,-54.46007981696914,618.448157813754,687.647981776301,-69.19982396254693
19.5,qt_far,0.0,-1.0,-1.0,2,1.0,567.4700988116854,594.3573809992353,-26.887282187549886,552.9001546236052,594.357380999235,-41.45722637562983
19.5,q235_near_interface,0.0,0.2,0.0,1,1.0,562.8560157188273,562.5927572808171,0.26325843801021165,567.8700481264843,562.592757280817,5.27729084566738
19.5,q235_far,0.0,1.0,0.0,1,1.0,500.66580273429355,501.7925486041513,-1.126745869857757,501.6989654730853,501.792548604151,-0.09358313106571359
19.6,weld_center,0.0,-0.5,0.5,3,1.0,813.0313653533727,875.6031154777671,-62.571750124394384,826.5937718765181,875.603115477767,-49.00934360124893
19.6,qt_near_interface,0.0,-0.2,-0.2,2,1.0,646.4677373250242,704.7806306729409,-58.312893347916656,633.5758796579299,704.780630672941,-71.20475101501108
19.6,qt_far,0.0,-1.0,-1.0,2,1.0,578.6021706678325,607.7693741940943,-29.1672035262618,564.9111552669787,607.769374194094,-42.85821892711533
19.6,q235_near_interface,0.0,0.2,0.0,1,1.0,573.2651292174759,574.1492499591149,-0.8841207416389807,580.2169541694857,574.149249959115,6.067704210370721
19.6,q235_far,0.0,1.0,0.0,1,1.0,508.6448846369094,510.6535037886633,-2.0086191517538623,510.67712410002156,510.653503788663,0.023620311358570234
19.700000000000003,weld_center,0.0,-0.5,0.5,3,1.0,832.3711849862631,900.1074163944346,-67.73623140817153,851.4969197143052,900.1074163944357,-48.610496680130495
19.700000000000003,qt_near_interface,0.0,-0.2,-0.2,2,1.0,659.42598854006,721.4756867007409,-62.04969816068092,648.3568475361586,721.4756867007416,-73.11883916458294
19.700000000000003,qt_far,0.0,-1.0,-1.0,2,1.0,589.4815114761861,620.870035817752,-31.388524341565812,576.6773149252847,620.8700358177524,-44.19272089246772
19.700000000000003,q235_near_interface,0.0,0.2,0.0,1,1.0,583.4456923869521,585.444758424022,-1.9990660370698379,592.3031975395444,585.4447584240223,6.85843911552206
19.700000000000003,q235_far,0.0,1.0,0.0,1,1.0,516.4784161461815,519.345923596829,-2.8675074506475084,519.4989889838937,519.3459235968294,0.15306538706431638
19.8,weld_center,0.0,-0.5,0.5,3,1.0,851.091529655793,923.7982114987844,-72.70668184299143,875.6191002012268,923.798211498785,-48.179111297558165
19.8,qt_near_interface,0.0,-0.2,-0.2,2,1.0,672.028874260895,737.6870671754652,-65.65819291457024,662.7463785745454,737.687067175466,-74.94068860092068
19.8,qt_far,0.0,-1.0,-1.0,2,1.0,600.079470309836,633.6218342570032,-33.542363947167246,588.1613272857479,633.621834257003,-45.460506971255086
19.8,q235_near_interface,0.0,0.2,0.0,1,1.0,593.3728679242821,596.4507435819229,-3.0778756576407886,604.0932435084527,596.450743581923,7.642499926529695
19.8,q235_far,0.0,1.0,0.0,1,1.0,524.1478320941144,527.8479229294231,-3.7000908353087425,528.1397126566414,527.847922929423,0.2917897272184291
19.900000000000002,weld_center,0.0,-0.5,0.5,3,1.0,869.1542237672655,946.6271504440995,-77.47292667683394,898.9060529133144,946.6271504441008,-47.72109753078644
19.900000000000002,qt_near_interface,0.0,-0.2,-0.2,2,1.0,684.2484067343254,753.3770428822363,-69.12863614791092,676.708393327842,753.3770428822376,-76.66864955439553
19.900000000000002,qt_far,0.0,-1.0,-1.0,2,1.0,610.3720945075947,645.9938577795124,-35.621763271917644,599.3327621568584,645.9938577795125,-46.6610956226541
19.900000000000002,q235_near_interface,0.0,0.2,0.0,1,1.0,603.0259167412436,607.1435485780408,-4.117631836797273,615.5582892513935,607.1435485780413,8.414740673352185
19.900000000000002,q235_far,0.0,1.0,0.0,1,1.0,531.6375054852883,536.1412550606234,-4.503749575335064,536.5788718434734,536.1412550606234,0.43761678285000016
20.0,weld_center,0.0,-0.5,0.5,3,1.0,886.5271171434181,968.5541226989902,-82.02700555557215,921.3135164868567,968.55412269899,-47.24060621213334
20.0,qt_near_interface,0.0,-0.2,-0.2,2,1.0,696.0610676813642,768.5143088356075,-72.4532411542433,690.2132259351068,768.514308835608,-78.30108290050111
20.0,qt_far,0.0,-1.0,-1.0,2,1.0,620.3391294154438,657.9603300409241,-37.62120062548024,610.1663811922655,657.960330040924,-47.79394884865849
20.0,q235_near_interface,0.0,0.2,0.0,1,1.0,612.3872833939578,617.5033113335909,-5.116027939633113,626.6745363412285,617.503311333591,9.171225007637531
20.0,q235_far,0.0,1.0,0.0,1,1.0,538.9341064828027,544.2104882194634,-5.27638173666071,544.7993768012166,544.210488219463,0.588888581753622
20.0,line_00,0.0,-1.5,-0.5,2,1.0,669.3005746506313,699.0876949969219,-29.78712034629052,715.4052620196383,nan,nan
20.0,line_01,0.0,-1.4,-0.4,2,1.0,693.2827589289157,723.9205473721522,-30.63778844323656,745.3710892184719,nan,nan
20.0,line_02,0.0,-1.3,-0.3,2,1.0,707.5197761450503,741.1725851264213,-33.65280898137098,775.3974955294987,nan,nan
20.0,line_03,0.0,-1.2,-0.2,2,1.0,722.3215129819403,758.9150215385592,-36.593508556618985,796.2944861533498,nan,nan
20.0,line_04,0.0,-1.1,-0.1,2,1.0,733.8533093253371,775.8589714713798,-42.00566214604271,815.4464553017792,nan,nan
20.0,line_05,0.0,-1.0,0.0,3,1.0,782.756837924427,878.9548070150018,-96.19796909057482,831.9838227881031,nan,nan
20.0,line_06,0.0,-0.9,0.1,3,1.0,837.2681317398899,933.1839517241272,-95.91581998423726,868.6141248773247,nan,nan
20.0,line_07,0.0,-0.8,0.2,3,1.0,861.6214936398753,955.0807595938436,-93.45926595396827,895.6758189729484,nan,nan
20.0,line_08,0.0,-0.7,0.3,3,1.0,883.1198741008583,973.8509844625218,-90.73111036166347,913.0027931538976,nan,nan
20.0,line_09,0.0,-0.6,0.4,3,1.0,887.9372552521323,974.6025799474638,-86.66532469533149,922.4659667150394,nan,nan
20.0,line_10,0.0,-0.5,0.5,3,1.0,886.5271171434181,968.5541226989902,-82.02700555557215,921.3135164868589,nan,nan
20.0,line_11,0.0,-0.4,0.6,3,1.0,881.3219270384963,958.5155021654357,-77.19357512693944,910.3392899265731,nan,nan
20.0,line_12,0.0,-0.3,0.7,3,1.0,863.5896998218949,935.2449938618596,-71.6552940399647,891.4121997131465,nan,nan
20.0,line_13,0.0,-0.2,0.8,3,1.0,837.6512414831592,902.9953666260412,-65.34412514288204,862.9729748430987,nan,nan
20.0,line_14,0.0,-0.1,0.9,3,1.0,800.6623118370937,861.6047662803077,-60.94245444321393,825.6258395042457,nan,nan
20.0,line_15,0.0,0.0,1.0,1,1.0,713.6072687727183,728.3892904280843,-14.782021655366066,779.978707169132,nan,nan
20.0,line_16,0.0,0.1,1.1,1,1.0,702.615902321996,716.7437119887899,-14.127809666793837,765.410789514897,nan,nan
20.0,line_17,0.0,0.2,1.2,1,1.0,691.4323474378217,704.5802892341572,-13.147941796335544,746.3653450224232,nan,nan
20.0,line_18,0.0,0.3,1.3,1,1.0,684.5449280708403,697.5269581236316,-12.982030052791288,722.8035744594167,nan,nan
20.0,line_19,0.0,0.4,1.4,1,1.0,668.6136287484325,680.5856304543526,-11.972001705920093,698.9946378449869,nan,nan
20.0,line_20,0.0,0.5,1.5,1,1.0,653.9763143506246,665.160676595158,-11.184362244533304,672.084110002275,nan,nan
20.0,line_21,0.0,0.6,1.6,1,1.0,637.4165492840332,647.6089552118644,-10.19240592783126,644.3900357323557,nan,nan
20.0,line_22,0.0,0.7,1.7,1,1.0,618.1039199207585,627.4526204694389,-9.348700548680426,619.0870058186339,nan,nan
20.0,line_23,0.0,0.8,1.8,1,1.0,599.1551910976294,607.6798891471656,-8.524698049536141,599.9300975269119,nan,nan
20.0,line_24,0.0,0.9,1.9,1,1.0,580.7637786473506,589.7693011473073,-9.005522499956669,585.6807628242208,nan,nan
20.0,line_25,0.0,1.0,2.0,1,1.0,562.6588933818886,571.4989821483053,-8.840088766416784,571.8961096107714,nan,nan
20.1,weld_center,0.0,-0.5,0.5,3,1.0,903.1832244645399,989.5462064198513,-86.3629819553114,942.8056258446427,989.546206419851,-46.740580575208355
20.1,qt_near_interface,0.0,-0.2,-0.2,2,1.0,707.4469828788143,783.0728303975931,-75.62584751877876,703.2363061338622,783.072830397594,-79.8365242637318
20.1,qt_far,0.0,-1.0,-1.0,2,1.0,629.9633669065907,669.4996801808009,-39.5363132742101,620.6410567966184,669.499680180801,-48.85862338418258
20.1,q235_near_interface,0.0,0.2,0.0,1,1.0,621.4420194286296,627.513306686362,-6.071287257732365,637.4221406846148,627.513306686362,9.908833998252817
20.1,q235_far,0.0,1.0,0.0,1,1.0,546.026178968074,552.0424903993144,-6.0163114312404105,552.7867719153151,552.042490399314,0.7442815160010241
20.200000000000003,weld_center,0.0,-0.5,0.5,3,1.0,919.1303977782833,1009.6453846329513,-90.514986854668,963.3755279390087,1009.6453846329507,-46.26985669394196
20.200000000000003,qt_near_interface,0.0,-0.2,-0.2,2,1.0,718.3999306355179,797.0540389326708,-78.6541082971529,715.766218473842,797.0540389326715,-81.28782045882951
20.200000000000003,qt_far,0.0,-1.0,-1.0,2,1.0,639.2375089179226,680.6077817459806,-41.37027282805798,630.7439513723053,680.6077817459814,-49.863830373676024
20.200000000000003,q235_near_interface,0.0,0.2,0.0,1,1.0,630.184360342833,637.1718440447997,-6.987483701966767,647.790793017307,637.1718440448003,10.6189489725067
20.200000000000003,q235_far,0.0,1.0,0.0,1,1.0,552.9071440459962,559.632041967321,-6.724897921324782,560.5317789525265,559.6320419673212,0.8997369852052088
20.3,weld_center,0.0,-0.5,0.5,3,1.0,934.3744969848573,1028.8902006220762,-94.51570363721896,983.0182475524027,1028.89020062208,-45.871953069677375
20.3,qt_near_interface,0.0,-0.2,-0.2,2,1.0,728.9184961530437,810.4699819000373,-81.55148574699354,727.7970498871167,810.469981900038,-82.67293201292125
20.3,qt_far,0.0,-1.0,-1.0,2,1.0,648.1579478690611,691.2877631138081,-43.129815244746965,640.4674371858966,691.287763113808,-50.82032592791131
20.3,q235_near_interface,0.0,0.2,0.0,1,1.0,638.6120847440485,646.4830313701545,-7.870946626106047,657.7749207605744,646.483031370155,11.291889390419442
20.3,q235_far,0.0,1.0,0.0,1,1.0,559.5732772524971,566.978428664083,-7.405151411585962,568.0285928513,566.978428664083,1.0501641872169785
20.400000000000002,weld_center,0.0,-0.5,0.5,3,1.0,948.8864552494201,1047.2336101943272,-98.34715494490706,1001.7077784457857,1047.2336101943306,-45.525831748544874
20.400000000000002,qt_near_interface,0.0,-0.2,-0.2,2,1.0,738.9912213952153,823.308615473607,-84.31739407839166,739.315754931053,823.3086154736085,-83.99286054255549
20.400000000000002,qt_far,0.0,-1.0,-1.0,2,1.0,656.7148340468422,701.5296989224864,-44.814864875644275,649.8015743593038,701.5296989224863,-51.72812456318252
20.400000000000002,q235_near_interface,0.0,0.2,0.0,1,1.0,646.716643633805,655.4384550341757,-8.721811400370711,667.3644046246712,655.4384550341763,11.925949590494952
20.400000000000002,q235_far,0.0,1.0,0.0,1,1.0,566.0187516488446,574.0761783086182,-8.057426659773569,575.2701763792085,574.0761783086182,1.1939980705902826
20.5,weld_center,0.0,-0.5,0.5,3,1.0,962.6408831511466,1064.6314611640864,-101.99057801293986,1019.4251494580483,1064.63146116409,-45.20631170604179
20.5,qt_near_interface,0.0,-0.2,-0.2,2,1.0,748.6041111692615,835.5489706764068,-86.94485950714534,750.3084432318248,835.548970676407,-85.2405274445822
20.5,qt_far,0.0,-1.0,-1.0,2,1.0,664.8972328168205,711.3194394935987,-46.42220667677816,658.7354728755628,711.319439493599,-52.58396661803624
20.5,q235_near_interface,0.0,0.2,0.0,1,1.0,654.4878043589562,664.025581782252,-9.537777423295779,676.5480546178816,664.025581782252,12.522472835629628
20.5,q235_far,0.0,1.0,0.0,1,1.0,572.2367197610353,580.9173097695927,-8.680590008557488,582.2488125320641,580.917309769593,1.331502762471132
20.6,weld_center,0.0,-0.5,0.5,3,1.0,975.6203402671562,1081.0553463559613,-105.43500608880515,1036.160346874172,1081.05534635596,-44.89499948178786
20.6,qt_near_interface,0.0,-0.2,-0.2,2,1.0,757.7448125079796,847.1719106840617,-89.42709817608204,760.7638567824418,847.171910684062,-86.40805390162018
20.6,qt_far,0.0,-1.0,-1.0,2,1.0,672.6954357705339,720.6438989294084,-47.94846315887446,667.2591887515089,720.643898929408,-53.38471017789914
20.6,q235_near_interface,0.0,0.2,0.0,1,1.0,661.9164065314081,672.2331188119464,-10.31671228053824,685.3163058130033,672.233118811946,13.08318700105724
20.6,q235_far,0.0,1.0,0.0,1,1.0,578.2206042623425,587.4939652593409,-9.273360996998463,588.9572984629671,587.493965259341,1.4633332036260072
20.700000000000003,weld_center,0.0,-0.5,0.5,3,1.0,987.8144886201253,1096.4905542794513,-108.67606565932601,1051.9111419733922,1096.4905542794504,-44.5794123060582
20.700000000000003,qt_near_interface,0.0,-0.2,-0.2,2,1.0,766.4039028834507,858.1635592024696,-91.75965631901897,770.6742852272415,858.1635592024703,-87.4892739752288
20.700000000000003,qt_far,0.0,-1.0,-1.0,2,1.0,680.1017501734502,729.4929672901111,-49.39121711666087,675.3647368401774,729.4929672901113,-54.12823044993388
20.700000000000003,q235_near_interface,0.0,0.2,0.0,1,1.0,668.9952540640047,680.0526551295723,-11.057401065567547,693.6621190128749,680.0526551295733,13.6094638833016
20.700000000000003,q235_far,0.0,1.0,0.0,1,1.0,583.9647527488357,593.7996228343734,-9.83487008553766,595.3896149617428,593.7996228343742,1.589992127368646
20.8,weld_center,0.0,-0.5,0.5,3,1.0,999.2189987332998,1110.9329852927833,-111.71398655948349,1066.682162570264,1110.93298529278,-44.25082272251598
20.8,qt_near_interface,0.0,-0.2,-0.2,2,1.0,774.5750723474168,868.515632561092,-93.94056021367521,780.0356023408177,868.515632561093,-88.48003022027524
20.8,qt_far,0.0,-1.0,-1.0,2,1.0,687.110697814784,737.8599346634041,-50.74923684862017,683.0464685890481,737.859934663404,-54.813466074355915
20.8,q235_near_interface,0.0,0.2,0.0,1,1.0,675.7192707573299,687.4788327864084,-11.759562029078438,701.5811176874408,687.478832786409,14.102284901031794
20.8,q235_far,0.0,1.0,0.0,1,1.0,589.4646851039068,599.8294617121866,-10.364776608279726,601.5411887412487,599.829461712187,1.7117270290616489
20.900000000000002,weld_center,0.0,-0.5,0.5,3,1.0,1009.8347402725817,1124.3869561487318,-114.55221587615006,1080.4842395679052,1124.3869561487304,-43.9027165808252
20.900000000000002,qt_near_interface,0.0,-0.2,-0.2,2,1.0,782.254978817692,878.2249199456289,-95.96994112793698,788.8470828919313,878.2249199456294,-89.37783705369804
20.900000000000002,qt_far,0.0,-1.0,-1.0,2,1.0,693.7189965664716,745.7413901530492,-52.022393586577664,690.3011420995982,745.7413901530492,-55.440248053451
20.900000000000002,q235_near_interface,0.0,0.2,0.0,1,1.0,682.0854283351927,694.5091135357331,-12.42368520054049,709.071495893821,694.5091135357333,14.562382358087689
20.900000000000002,q235_far,0.0,1.0,0.0,1,1.0,594.7171512041124,605.5803816069736,-10.863230402861177,607.4089537902739,605.5803816069742,1.8285721832996842
21.0,weld_center,0.0,-0.5,0.5,3,1.0,1019.6672055052823,1136.8637628061035,-117.19655730082127,1093.3338740913903,1136.8637628061,-43.52988871470984
21.0,qt_near_interface,0.0,-0.2,-0.2,2,1.0,789.443037329139,887.2926704823798,-97.8496331532408,797.1111816536412,887.29267048238,-90.1814888287388
21.0,qt_far,0.0,-1.0,-1.0,2,1.0,699.9254681253898,753.1369773479736,-53.2115092225838,697.1278639357741,753.136977347974,-56.009113412199895
21.0,q235_near_interface,0.0,0.2,0.0,1,1.0,688.0926211603485,701.1434902743065,-13.050869113958015,716.1338721260038,701.143490274306,14.990381851697748
21.0,q235_far,0.0,1.0,0.0,1,1.0,599.7201113187624,611.0509098686412,-11.33079854987875,612.9913270117887,611.050909868641,1.9404171431476698
21.0,line_00,0.0,-1.5,-0.5,2,1.0,759.1184479569494,804.0091554833723,-44.89070752642294,832.8725772943902,nan,nan
21.0,line_01,0.0,-1.4,-0.4,2,1.0,787.7438343626444,834.2901722234994,-46.54633786085503,870.7057756921668,nan,nan
21.0,line_02,0.0,-1.3,-0.3,2,1.0,804.6773554763453,855.282110008373,-50.604754532027755,908.5727494697529,nan,nan
21.0,line_03,0.0,-1.2,-0.2,2,1.0,822.2873108412866,876.8719772101058,-54.58466636881917,934.8139073744002,nan,nan
21.0,line_04,0.0,-1.1,-0.1,2,1.0,835.9254326988809,897.453965589009,-61.52853289012819,958.7798203847104,nan,nan
21.0,line_05,0.0,-1.0,0.0,3,1.0,895.0150285108523,1026.3140254541586,-131.2989969433063,979.3766218434207,nan,nan
21.0,line_06,0.0,-0.9,0.1,3,1.0,960.74559262123,1093.4247952958576,-132.67920267462762,1026.3279008849627,nan,nan
21.0,line_07,0.0,-0.8,0.2,3,1.0,990.0469895253067,1120.4834804633263,-130.43649093801957,1060.8920788336889,nan,nan
21.0,line_08,0.0,-0.7,0.3,3,1.0,1015.8916359763299,1143.6635464298283,-127.77191045349844,1082.915247778449,nan,nan
21.0,line_09,0.0,-0.6,0.4,3,1.0,1021.5498844988766,1144.4882732487226,-122.93838874984601,1094.9918484578136,nan,nan
21.0,line_10,0.0,-0.5,0.5,3,1.0,1019.6672055052823,1136.8637628061035,-117.19655730082127,1093.3338740913935,nan,nan
21.0,line_11,0.0,-0.4,0.6,3,1.0,1013.1829343710185,1124.278208363242,-111.09527399222338,1079.0452380058991,nan,nan
21.0,line_12,0.0,-0.3,0.7,3,1.0,991.5309730343482,1095.2514451061516,-103.72047207180333,1054.6483563301779,nan,nan
21.0,line_13,0.0,-0.2,0.8,3,1.0,959.9417258634716,1055.0646166714052,-95.12289080793369,1017.9063370094995,nan,nan
21.0,line_14,0.0,-0.1,0.9,3,1.0,914.9700795615934,1003.4778098566773,-88.50773029508389,969.6912225865068,nan,nan
21.0,line_15,0.0,0.0,1.0,1,1.0,809.3925719555904,837.2484090808907,-27.855837125300354,910.842178857589,nan,nan
21.0,line_16,0.0,0.1,1.1,1,1.0,796.1076161737996,822.8601833138652,-26.752567140065594,892.2847878211609,nan,nan
21.0,line_17,0.0,0.2,1.2,1,1.0,782.5953652301984,807.8399762159185,-25.2446109857201,867.9939469573566,nan,nan
21.0,line_18,0.0,0.3,1.3,1,1.0,774.2388983062201,799.1012489536579,-24.86235064743778,837.9350257299815,nan,nan
21.0,line_19,0.0,0.4,1.4,1,1.0,755.0174875052521,778.1926296335422,-23.175142128290076,807.5130491382042,nan,nan
21.0,line_20,0.0,0.5,1.5,1,1.0,737.358172914842,759.1576231630925,-21.799450248250423,773.1093368007768,nan,nan
21.0,line_21,0.0,0.6,1.6,1,1.0,717.4077748108904,737.5207893283945,-20.113014517504098,737.7124436371414,nan,nan
21.0,line_22,0.0,0.7,1.7,1,1.0,694.1552196269614,712.6807361028228,-18.525516475861423,705.3623432349799,nan,nan
21.0,line_23,0.0,0.8,1.8,1,1.0,671.3436427790667,688.3164296763157,-16.972786897248966,681.1515162416326,nan,nan
21.0,line_24,0.0,0.9,1.9,1,1.0,649.3238259976946,666.3454134216429,-17.02158742394829,663.4540172406346,nan,nan
21.0,line_25,0.0,1.0,2.0,1,1.0,627.5880796869391,643.8826751271671,-16.294595440228022,646.3223145584245,nan,nan
21.1,weld_center,0.0,-0.5,0.5,3,1.0,1028.7260756668238,1148.38069582182,-119.65462015499611,1105.2527452601455,1148.38069582182,-43.127950561674425
21.1,qt_near_interface,0.0,-0.2,-0.2,2,1.0,796.1412164682079,895.724068153651,-99.58285168544319,804.8333132992128,895.724068153651,-90.89075485443823
21.1,qt_far,0.0,-1.0,-1.0,2,1.0,705.7309251896013,760.0491344435397,-54.31820925393845,703.5279818054704,760.04913444354,-56.521152638069566
21.1,q235_near_interface,0.0,0.2,0.0,1,1.0,693.7415389795285,707.384229474699,-13.642690495170541,722.7711349430336,707.384229474699,15.38690546833459
21.1,q235_far,0.0,1.0,0.0,1,1.0,604.4726884470632,616.2410839626984,-11.768395515635234,618.2881496979179,616.241083962699,2.0470657352188937
21.200000000000003,weld_center,0.0,-0.5,0.5,3,1.0,1037.0248665627025,1158.9602976419344,-121.93543107923188,1116.2672241111609,1158.9602976419305,-42.69307353076965
21.200000000000003,qt_near_interface,0.0,-0.2,-0.2,2,1.0,802.3538551212592,903.5278023679925,-101.17394724673329,812.0216366547652,903.5278023679932,-91.50616571322803
21.200000000000003,qt_far,0.0,-1.0,-1.0,2,1.0,711.1380558831031,766.4828517121869,-55.34479582908375,709.5049592024588,766.4828517121872,-56.97789250972835
21.200000000000003,q235_near_interface,0.0,0.2,0.0,1,1.0,699.0345488669756,713.2356517948036,-14.20110292782806,728.9882891631514,713.2356517948042,15.752637368347223
21.200000000000003,q235_far,0.0,1.0,0.0,1,1.0,608.9751121482927,621.1523360162436,-12.17722386795083,623.3006157507715,621.1523360162441,2.148279734527364
21.3,weld_center,0.0,-0.5,0.5,3,1.0,1044.5806138656014,1168.6297409273243,-124.04912706172286,1126.4078796109181,1168.62974092732,-42.22186131640183
21.3,qt_near_interface,0.0,-0.2,-0.2,2,1.0,808.087495826944,910.7157053895829,-102.62820956263897,818.6868400307419,910.715705389584,-92.02886535884204
21.3,qt_far,0.0,-1.0,-1.0,2,1.0,716.1513097121713,772.4454478297956,-56.29413811762436,715.0642428286149,772.445447829796,-57.381205001181115
21.3,q235_near_interface,0.0,0.2,0.0,1,1.0,703.9755856258222,718.7039400362737,-14.728354410451516,734.7923023006546,718.703940036274,16.08836226438052
21.3,q235_far,0.0,1.0,0.0,1,1.0,613.2286606414987,625.7873843821244,-12.558723740625737,628.03119439698,625.787384382124,2.2438100148560807
21.400000000000002,weld_center,0.0,-0.5,0.5,3,1.0,1050.8637064278512,1176.3431429521065,-125.47943652425533,1134.6685587090378,1176.34314295211,-41.674584243072104
21.400000000000002,qt_near_interface,0.0,-0.2,-0.2,2,1.0,813.1822610094124,916.9490109554321,-103.76674994601967,824.5828084549647,916.9490109554321,-92.36620250046735
21.400000000000002,qt_far,0.0,-1.0,-1.0,2,1.0,720.6390483458398,777.6982879497697,-57.05923960392988,720.0734567388475,777.6982879497701,-57.62483121092259
21.400000000000002,q235_near_interface,0.0,0.2,0.0,1,1.0,708.4579321345062,723.5864206871873,-15.12848855268112,740.0286275066558,723.5864206871881,16.44220681946763
21.400000000000002,q235_far,0.0,1.0,0.0,1,1.0,617.1858014657545,630.0485468171394,-12.862745351384888,632.4156101855787,630.0485468171391,2.367063368439517
21.5,weld_center,0.0,-0.5,0.5,3,1.0,1053.3970617705324,1177.2999283422957,-123.9028665717633,1136.3057904117222,1177.2999283423,-40.994137930577836
21.5,qt_near_interface,0.0,-0.2,-0.2,2,1.0,816.8193323330447,920.527422931453,-103.70809059840826,828.4315831468713,920.527422931454,-92.09583978458272
21.5,qt_far,0.0,-1.0,-1.0,2,1.0,723.9451566345651,781.0612470906141,-57.11609045604894,723.837577665951,781.061247090614,-57.223669424662944
21.5,q235_near_interface,0.0,0.2,0.0,1,1.0,711.9346255408288,726.8770073588362,-14.942381818007334,743.8753076872076,726.877007358836,16.99830032837167
21.5,q235_far,0.0,1.0,0.0,1,1.0,620.5945557921651,633.4343513751475,-12.839795582982333,636.1018439682606,633.434351375147,2.667492593113593
21.5,line_00,0.0,-1.5,-0.5,2,1.0,784.8060108867959,833.4361726685614,-48.63016178176554,864.8600060728893,nan,nan
21.5,line_01,0.0,-1.4,-0.4,2,1.0,814.3788504507864,864.834660335442,-50.45580988465554,904.3157609019014,nan,nan
21.5,line_02,0.0,-1.3,-0.3,2,1.0,831.9069423614379,886.6343467704008,-54.72740440896291,943.8433853915545,nan,nan
21.5,line_03,0.0,-1.2,-0.2,2,1.0,850.1385569019268,909.0596474969883,-58.921090595061514,971.292045891552,nan,nan
21.5,line_04,0.0,-1.1,-0.1,2,1.0,864.3035154054962,930.473818725104,-66.1703033196078,996.4020682878385,nan,nan
21.5,line_05,0.0,-1.0,0.0,3,1.0,925.4210912902658,1063.403195384584,-137.98210409431817,1018.026214080722,nan,nan
21.5,line_06,0.0,-0.9,0.1,3,1.0,992.9311256663366,1132.6311445164717,-139.70001885013517,1066.7286711416177,nan,nan
21.5,line_07,0.0,-0.8,0.2,3,1.0,1023.0370907747221,1160.5387754473516,-137.5016846726295,1102.6886988842891,nan,nan
21.5,line_08,0.0,-0.7,0.3,3,1.0,1049.5830140680932,1184.4300812918589,-134.84706722376563,1125.6721103806287,nan,nan
21.5,line_09,0.0,-0.6,0.4,3,1.0,1055.3639786006288,1185.222516058699,-129.85853745807026,1138.057300804171,nan,nan
21.5,line_10,0.0,-0.5,0.5,3,1.0,1053.3970617705324,1177.2999283422957,-123.9028665717633,1136.305790411723,nan,nan
21.5,line_11,0.0,-0.4,0.6,3,1.0,1046.6704002187494,1164.1872778793286,-117.51687766057921,1121.4262252954293,nan,nan
21.5,line_12,0.0,-0.3,0.7,3,1.0,1024.3040066584251,1134.0614758661136,-109.75746920768847,1095.8306848172174,nan,nan
21.5,line_13,0.0,-0.2,0.8,3,1.0,991.8024471576832,1092.5181495238742,-100.71570236619095,1057.5431982510288,nan,nan
21.5,line_14,0.0,-0.1,0.9,3,1.0,945.4987238867578,1039.088237776261,-93.58951388950311,1007.3599201541085,nan,nan
21.5,line_15,0.0,0.0,1.0,1,1.0,836.7827803187918,867.4447978617757,-30.662017542983904,946.1002387096238,nan,nan
21.5,line_16,0.0,0.1,1.1,1,1.0,823.0417388445645,852.5066857366015,-29.464946892037005,926.6349816846297,nan,nan
21.5,line_17,0.0,0.2,1.2,1,1.0,809.0491100818306,836.894708745259,-27.845598663428405,901.2299351286805,nan,nan
21.5,line_18,0.0,0.3,1.3,1,1.0,800.3938139188183,827.8118986716544,-27.41808475283608,869.8529473521249,nan,nan
21.5,line_19,0.0,0.4,1.4,1,1.0,780.5395748942185,806.1303985875759,-25.59082369335738,838.1424026570111,nan,nan
21.5,line_20,0.0,0.5,1.5,1,1.0,762.3055882897595,786.3982810547996,-24.092692765040056,802.3492114797913,nan,nan
21.5,line_21,0.0,0.6,1.6,1,1.0,741.7217015982363,763.987291162582,-22.265589564345646,765.5677261488803,nan,nan
21.5,line_22,0.0,0.7,1.7,1,1.0,717.7566358863447,738.2862387939097,-20.529602907564936,731.9829238840767,nan,nan
21.5,line_23,0.0,0.8,1.8,1,1.0,694.2482241335256,713.0799192349338,-18.831695101408172,706.8273066720568,nan,nan
21.5,line_24,0.0,0.9,1.9,1,1.0,671.5640121834128,690.3766728725838,-18.81266068917091,688.3958134252656,nan,nan
21.5,line_25,0.0,1.0,2.0,1,1.0,649.1744494754146,667.1570289932836,-17.982579517869,670.5578725930965,nan,nan
21.6,weld_center,0.0,-0.5,0.5,3,1.0,1053.5913424827993,1174.573274104747,-120.98193162194775,1133.754773182284,1174.57327410475,-40.818500922466
21.6,qt_near_interface,0.0,-0.2,-0.2,2,1.0,819.1222191501871,921.8308927142145,-102.70867356402744,830.336259870233,921.830892714215,-91.494632843982
21.6,qt_far,0.0,-1.0,-1.0,2,1.0,726.2367076094,782.8603963042349,-56.62368869483487,726.3685619243371,782.860396304235,-56.49183437989791
21.6,q235_near_interface,0.0,0.2,0.0,1,1.0,714.4779486484985,728.8376015334032,-14.35965288490479,746.3087225828235,728.837601533403,17.471121049420503
21.6,q235_far,0.0,1.0,0.0,1,1.0,623.4383295162108,635.9868297754927,-12.54850025928181,639.0227272273576,635.986829775493,3.035897451864571
21.700000000000003,weld_center,0.0,-0.5,0.5,3,1.0,1052.233273252818,1169.7057170080118,-117.47244375519381,1128.6391413017489,1169.7057170080097,-41.06657570626089
21.700000000000003,qt_near_interface,0.0,-0.2,-0.2,2,1.0,820.3699843125656,921.5086518051464,-101.1386674925808,830.74341850347,921.508651805147,-90.76523330167697
21.700000000000003,qt_far,0.0,-1.0,-1.0,2,1.0,727.7137156036227,783.4932248677152,-55.77950926409244,727.8575000813275,783.493224867715,-55.635724786387414
21.700000000000003,q235_near_interface,0.0,0.2,0.0,1,1.0,716.2701489954271,729.8415179285649,-13.57136893313782,747.6006871056331,729.841517928565,17.759169177068088
21.700000000000003,q235_far,0.0,1.0,0.0,1,1.0,625.7841229198932,637.8777695697338,-12.093646649840593,641.265148482361,637.877769569734,3.387378912627014
21.8,weld_center,0.0,-0.5,0.5,3,1.0,1049.7346877808702,1163.4043715327794,-113.66968375190913,1121.8218396439668,1163.40437153278,-41.582531888813264
21.8,qt_near_interface,0.0,-0.2,-0.2,2,1.0,820.7866324095503,920.0177902682826,-99.23115785873233,830.0346093078027,920.017790268283,-89.98318096048024
21.8,qt_far,0.0,-1.0,-1.0,2,1.0,728.527403485417,783.2418264336159,-54.71442294819883,728.5014132489533,783.241826433616,-54.74041318466266
21.8,q235_near_interface,0.0,0.2,0.0,1,1.0,717.4605965019553,730.1420644013197,-12.681467899364407,748.0169529758656,730.14206440132,17.874888574545594
21.8,q235_far,0.0,1.0,0.0,1,1.0,627.7055320852741,639.2517066202353,-11.54617453496121,642.9440768529412,639.251706620235,3.692370232706139
21.900000000000002,weld_center,0.0,-0.5,0.5,3,1.0,1046.3272954673948,1156.0233958907684,-109.69610042337354,1113.7706006828553,1156.0233958907697,-42.25279520791446
21.900000000000002,qt_near_interface,0.0,-0.2,-0.2,2,1.0,820.5263325507489,917.637257296216,-97.11092474546717,828.4719643751774,917.6372572962168,-89.1652929210394
21.900000000000002,qt_far,0.0,-1.0,-1.0,2,1.0,728.7849171691715,782.2903014850366,-53.50538431586506,728.4575390456536,782.290301485037,-53.83276243938349
21.900000000000002,q235_near_interface,0.0,0.2,0.0,1,1.0,718.1536457007006,729.8938034708217,-11.740157770121073,747.7511221773335,729.893803470822,17.857318706511478
21.900000000000002,q235_far,0.0,1.0,0.0,1,1.0,629.2624626255104,640.208107385164,-10.945644759653646,644.1572599830998,640.208107385164,3.9491525979358357
22.0,weld_center,0.0,-0.5,0.5,3,1.0,1042.154249285399,1147.7625698672496,-105.60832058185065,1104.7561412694474,1147.76256986725,-43.006428597802596
22.0,qt_near_interface,0.0,-0.2,-0.2,2,1.0,819.6934106229035,914.5371666450862,-94.84375602218279,826.2272106050772,914.537166645087,-88.30995604000987
22.0,qt_far,0.0,-1.0,-1.0,2,1.0,728.5624419245835,780.7592453929961,-52.19680346841267,727.8416379761932,780.759245392996,-52.917607416802866
22.0,q235_near_interface,0.0,0.2,0.0,1,1.0,718.4208617353984,729.1924545582176,-10.77159282281923,746.9339578465359,729.192454558218,17.741503288317972
22.0,q235_far,0.0,1.0,0.0,1,1.0,630.5000631998679,640.8132058056375,-10.313142605769599,644.9781257288481,640.813205805637,4.164919923211073
22.0,line_00,0.0,-1.5,-0.5,2,1.0,785.9056852116448,828.8771369745554,-42.97145176291053,854.4410197219024,nan,nan
22.0,line_01,0.0,-1.4,-0.4,2,1.0,814.4500247274196,858.7221267345803,-44.2721020071607,891.0826898798398,nan,nan
22.0,line_02,0.0,-1.3,-0.3,2,1.0,831.4871426245141,879.5433321620538,-48.056189537539694,927.9083737386599,nan,nan
22.0,line_03,0.0,-1.2,-0.2,2,1.0,849.2131436077802,900.9708669683616,-51.757723360581394,953.7303227426348,nan,nan
22.0,line_04,0.0,-1.1,-0.1,2,1.0,863.1450080450486,921.5234797319961,-58.37847168694748,977.5330363052403,nan,nan
22.0,line_05,0.0,-1.0,0.0,3,1.0,921.4889171350122,1043.0801027344642,-121.59118559945193,998.2301177325668,nan,nan
22.0,line_06,0.0,-0.9,0.1,3,1.0,985.169616433413,1107.0795542681026,-121.90993783468957,1042.0457652745506,nan,nan
22.0,line_07,0.0,-0.8,0.2,3,1.0,1013.5862290344642,1132.7979761812487,-119.21174714678455,1074.7096914218314,nan,nan
22.0,line_08,0.0,-0.7,0.3,3,1.0,1038.6179166407107,1154.7517856729685,-116.13386903225773,1095.7749058428108,nan,nan
22.0,line_09,0.0,-0.6,0.4,3,1.0,1044.0356386662836,1155.2806059895543,-111.24496732327066,1106.4580982900973,nan,nan
22.0,line_10,0.0,-0.5,0.5,3,1.0,1042.154249285399,1147.7625698672496,-105.60832058185065,1104.756141269444,nan,nan
22.0,line_11,0.0,-0.4,0.6,3,1.0,1035.7221630481606,1135.2983680130171,-99.57620496485652,1091.178052142648,nan,nan
22.0,line_12,0.0,-0.3,0.7,3,1.0,1014.4637152367849,1107.0665731919783,-92.60285795519337,1067.330510243091,nan,nan
22.0,line_13,0.0,-0.2,0.8,3,1.0,983.8148304020209,1068.4706102369844,-84.65577983496348,1032.4631182678784,nan,nan
22.0,line_14,0.0,-0.1,0.9,3,1.0,940.080589900948,1018.7542745771271,-78.67368467617916,986.9287431968137,nan,nan
22.0,line_15,0.0,0.0,1.0,1,1.0,837.325518834667,860.5902174390704,-23.264698604403407,931.2802105326462,nan,nan
22.0,line_16,0.0,0.1,1.1,1,1.0,824.1167389796228,846.4842050006855,-22.367466021062683,912.9438857395864,nan,nan
22.0,line_17,0.0,0.2,1.2,1,1.0,810.617392100089,831.692426366584,-21.07503426649498,889.291116923577,nan,nan
22.0,line_18,0.0,0.3,1.3,1,1.0,802.2778416582228,823.0975434585006,-20.819701800277812,860.2795282307375,nan,nan
22.0,line_19,0.0,0.4,1.4,1,1.0,783.2536271434833,802.6851286651254,-19.431501521642076,831.1196770820527,nan,nan
22.0,line_20,0.0,0.5,1.5,1,1.0,765.7952153119119,784.1170940797346,-18.32187876782268,798.3977420990361,nan,nan
22.0,line_21,0.0,0.6,1.6,1,1.0,746.109080215688,763.0562777765622,-16.9471975608742,764.8685207966623,nan,nan
22.0,line_22,0.0,0.7,1.7,1,1.0,723.2452852625692,738.9655498024149,-15.720264539845743,734.3233303800317,nan,nan
22.0,line_23,0.0,0.8,1.8,1,1.0,700.8196907670718,715.3406794330742,-14.520988666002381,711.0731730869375,nan,nan
22.0,line_24,0.0,0.9,1.9,1,1.0,679.1013703197726,694.0254703504314,-14.924100030658792,693.5818523984987,nan,nan
22.0,line_25,0.0,1.0,2.0,1,1.0,657.7177378359975,672.2555942218091,-14.537856385811665,676.6793654728976,nan,nan
22.1,weld_center,0.0,-0.5,0.5,3,1.0,1037.3130981756278,1138.7494492614383,-101.43635108581043,1094.948406848261,1138.74944926144,-43.801042413179175
22.1,qt_near_interface,0.0,-0.2,-0.2,2,1.0,818.3608182372312,910.8269813397596,-92.46616310252841,823.4145246800726,910.826981339761,-87.41245665968836
22.1,qt_far,0.0,-1.0,-1.0,2,1.0,727.9158074772595,778.7307870005407,-50.81497952328118,726.73758282822,778.730787000541,-51.99320417232104
22.1,q235_near_interface,0.0,0.2,0.0,1,1.0,718.3128735899218,728.1008050708538,-9.787931480932002,745.6538012481651,728.100805070854,17.552996177311115
22.1,q235_far,0.0,1.0,0.0,1,1.0,631.4521409577983,641.1122574464669,-9.660116488668564,645.4601427231131,641.112257446467,4.347885276646139
22.200000000000003,weld_center,0.0,-0.5,0.5,3,1.0,1031.8769347674215,1129.0756169221681,-97.19868215474662,1084.4640100097727,1129.0756169221695,-44.61160691239684
22.200000000000003,qt_near_interface,0.0,-0.2,-0.2,2,1.0,816.5824731742371,906.5827907097671,-90.00031753553003,820.113378789268,906.5827907097679,-86.46941192049985
22.200000000000003,qt_far,0.0,-1.0,-1.0,2,1.0,726.8877795663243,776.2641192746889,-49.37633970836464,725.2072418502576,776.2641192746889,-51.05687742443138
22.200000000000003,q235_near_interface,0.0,0.2,0.0,1,1.0,717.8674474508362,726.6632515297456,-8.795804078909441,743.9725961122989,726.6632515297459,17.309344582552967
22.200000000000003,q235_far,0.0,1.0,0.0,1,1.0,632.1446740705434,641.1378391700575,-8.993165099514158,645.6427200577369,641.137839170058,4.504880887678951
22.3,weld_center,0.0,-0.5,0.5,3,1.0,1025.9053097386122,1118.8137687251308,-92.90845898651855,1073.3904133688955,1118.81376872513,-45.42335535623465
22.3,qt_near_interface,0.0,-0.2,-0.2,2,1.0,814.4008429374428,901.8620667716748,-87.46122383423199,816.3826146244654,901.862066771676,-85.47945214721062
22.3,qt_far,0.0,-1.0,-1.0,2,1.0,725.5128175687521,773.4047106070859,-47.89189303833382,723.2980031318311,773.404710607086,-50.10670747525489
22.3,q235_near_interface,0.0,0.2,0.0,1,1.0,717.1145213606738,724.9137566267923,-7.799235266118444,741.9362998773377,724.913756626792,17.02254325054571
22.3,q235_far,0.0,1.0,0.0,1,1.0,632.5984748818756,640.9149216752496,-8.316446793373984,645.5559643045294,640.91492167525,4.641042629279468
22.400000000000002,weld_center,0.0,-0.5,0.5,3,1.0,1019.4500779496854,1108.026224975157,-88.57614702547164,1061.7986578831944,1108.0262249751595,-46.22756709196506
22.400000000000002,qt_near_interface,0.0,-0.2,-0.2,2,1.0,811.8514957714508,896.7116626300783,-84.86016685862751,812.2687847049355,896.7116626300788,-84.4428779251433
22.400000000000002,qt_far,0.0,-1.0,-1.0,2,1.0,723.8201154908927,770.189721597318,-46.369606106425294,721.047926847608,770.1897215973179,-49.1417947497099
22.400000000000002,q235_near_interface,0.0,0.2,0.0,1,1.0,716.0792677328162,722.8802396089416,-6.800971876125345,739.5812379218587,722.8802396089419,16.700998312916795
22.400000000000002,q235_far,0.0,1.0,0.0,1,1.0,632.8310197143834,640.4638845404481,-7.632864826064747,645.2239963978838,640.463884540448,4.7601118574357315
22.5,weld_center,0.0,-0.5,0.5,3,1.0,1012.5586101653929,1096.769354153252,-84.21074398785902,1049.750239441137,1096.76935415325,-47.01911471211315
22.5,qt_near_interface,0.0,-0.2,-0.2,2,1.0,808.9658200765917,891.1722229158627,-82.20640283927094,807.8110461725691,891.172222915863,-83.36117674329387
22.5,qt_far,0.0,-1.0,-1.0,2,1.0,721.8355283941609,766.6512078852103,-44.81567949104942,718.4891101191658,766.65120788521,-48.16209776604421
22.5,q235_near_interface,0.0,0.2,0.0,1,1.0,714.7839472552264,720.5870419284682,-5.803094673241844,736.9379007597964,720.587041928469,16.3508588313274
22.5,q235_far,0.0,1.0,0.0,1,1.0,632.8576552038895,639.802304659144,-6.944649455254535,644.6671298459046,639.802304659144,4.864825186760527
22.5,line_00,0.0,-1.5,-0.5,2,1.0,774.2946672497253,809.477595236105,-35.182927986379696,827.3315058144201,nan,nan
22.5,line_01,0.0,-1.4,-0.4,2,1.0,801.1094100011115,837.0098651499138,-35.90045514880228,860.0774630649322,nan,nan
22.5,line_02,0.0,-1.3,-0.3,2,1.0,817.2309859395085,856.3062974231232,-39.075311483614655,893.0842963231884,nan,nan
22.5,line_03,0.0,-1.2,-0.2,2,1.0,834.0056486702953,876.1713307454141,-42.165682075118866,916.4480514402331,nan,nan
22.5,line_04,0.0,-1.1,-0.1,2,1.0,847.346293103664,895.3064714117739,-47.9601783081099,938.1412373019555,nan,nan
22.5,line_05,0.0,-1.0,0.0,3,1.0,901.4344766270756,1003.0177483523883,-101.58327172531267,957.1781204631952,nan,nan
22.5,line_06,0.0,-0.9,0.1,3,1.0,959.9222606210717,1060.4391982669424,-100.51693764587071,995.0934206975487,nan,nan
22.5,line_07,0.0,-0.8,0.2,3,1.0,986.0909628349572,1083.4977743158533,-97.40681148089618,1023.6431786587965,nan,nan
22.5,line_08,0.0,-0.7,0.3,3,1.0,1009.1392572196502,1103.1488024464682,-94.00954522681798,1042.2467021303607,nan,nan
22.5,line_09,0.0,-0.6,0.4,3,1.0,1014.1900329487881,1103.5567316954111,-89.366698746623,1051.204195039234,nan,nan
22.5,line_10,0.0,-0.5,0.5,3,1.0,1012.5586101653929,1096.769354153252,-84.21074398785902,1049.7502394411313,nan,nan
22.5,line_11,0.0,-0.4,0.6,3,1.0,1006.7133208814581,1085.4445757103447,-78.73125482888656,1037.9995647359258,nan,nan
22.5,line_12,0.0,-0.3,0.7,3,1.0,987.220495251791,1059.9663099910008,-72.74581473920978,1016.8766458151034,nan,nan
22.5,line_13,0.0,-0.2,0.8,3,1.0,959.2499575341834,1025.3595830818651,-66.10962554768173,986.5746114599938,nan,nan
22.5,line_14,0.0,-0.1,0.9,3,1.0,919.231329841944,980.6988896893993,-61.46755984745528,947.093738223911,nan,nan
22.5,line_15,0.0,0.0,1.0,1,1.0,825.014077243803,839.7461824380048,-14.732105194201836,898.7512948759836,nan,nan
22.5,line_16,0.0,0.1,1.1,1,1.0,812.7431685958064,826.8938680100194,-14.150699414213022,882.2841015892719,nan,nan
22.5,line_17,0.0,0.2,1.2,1,1.0,800.1664449547766,813.3776223316621,-13.21117737688553,861.2375369444557,nan,nan
22.5,line_18,0.0,0.3,1.3,1,1.0,792.4228775238681,805.5474788896674,-13.124601365799322,835.5595490075898,nan,nan
22.5,line_19,0.0,0.4,1.4,1,1.0,774.772441278418,786.9795667090514,-12.207125430633369,809.877255792968,nan,nan
22.5,line_20,0.0,0.5,1.5,1,1.0,758.5846643004828,770.0967253646131,-11.512061064130307,781.1953324242787,nan,nan
22.5,line_21,0.0,0.6,1.6,1,1.0,740.3347931240577,750.9582268513769,-10.623433727319252,751.8683774650057,nan,nan
22.5,line_22,0.0,0.7,1.7,1,1.0,719.1715103823814,729.1071270914865,-9.935616709105147,725.2036298500486,nan,nan
22.5,line_23,0.0,0.8,1.8,1,1.0,698.4147759618094,707.6794447652934,-9.264668803484028,704.5450855164476,nan,nan
22.5,line_24,0.0,0.9,1.9,1,1.0,678.2082776927649,688.2889178958666,-10.080640203101666,688.5773875373177,nan,nan
22.5,line_25,0.0,1.0,2.0,1,1.0,658.374480311356,668.5232488212617,-10.148768509905722,673.1679610884786,nan,nan
22.6,weld_center,0.0,-0.5,0.5,3,1.0,1005.2755772274257,1085.095937857339,-79.82036062991335,1037.3008951367221,1085.09593785734,-47.79504272061786
22.6,qt_near_interface,0.0,-0.2,-0.2,2,1.0,805.7726493576932,885.2806629446541,-79.50801358696083,803.0440316385757,885.280662944655,-82.23663130607929
22.6,qt_far,0.0,-1.0,-1.0,2,1.0,719.5827856690651,762.8180321605504,-43.23524649148533,715.6498332224287,762.81803216055,-47.16819893812135
22.6,q235_near_interface,0.0,0.2,0.0,1,1.0,713.2490307318255,718.0563364764323,-4.807305744606765,734.0332004674918,718.056336476433,15.976863991058849
22.6,q235_far,0.0,1.0,0.0,1,1.0,632.6923775698687,638.9460241703104,-6.253646600441698,643.9032613776862,638.94602417031,4.957237207376238
22.700000000000003,weld_center,0.0,-0.5,0.5,3,1.0,997.6439326298923,1073.05644852323,-75.41251589333774,1024.502709112704,1073.0564485232296,-48.55373941052562
22.700000000000003,qt_near_interface,0.0,-0.2,-0.2,2,1.0,802.2992292348556,879.0715817572975,-76.7723525224419,797.9995352541463,879.0715817572977,-81.07204650315145
22.700000000000003,qt_far,0.0,-1.0,-1.0,2,1.0,717.0842488575413,758.7170144087894,-41.6327655512481,712.5559093313384,758.7170144087889,-46.16110507745054
22.700000000000003,q235_near_interface,0.0,0.2,0.0,1,1.0,711.4938751328967,715.3089426173148,-3.815067484418023,730.8918093937377,715.3089426173149,15.582866776422861
22.700000000000003,q235_far,0.0,1.0,0.0,1,1.0,632.3483290627676,637.9097926121025,-5.561463549334917,642.9487451686989,637.909792612102,5.0389525565968825
22.8,weld_center,0.0,-0.5,0.5,3,1.0,988.2802634449662,1060.2711569039545,-71.99089345898835,1011.1631188372536,1060.27115690395,-49.108038066696395
22.8,qt_near_interface,0.0,-0.2,-0.2,2,1.0,798.0112934204627,872.2814445380974,-74.27015111763467,792.3482167269725,872.281444538098,-79.93322781112545
22.8,qt_far,0.0,-1.0,-1.0,2,1.0,713.9222927562708,754.1730374408553,-40.25074468458445,708.9583399426106,754.173037440855,-45.21469749824439
22.8,q235_near_interface,0.0,0.2,0.0,1,1.0,709.1574831670322,712.1872923215129,-3.029809154480745,727.2592949155226,712.187292321513,15.072002594009518
22.8,q235_far,0.0,1.0,0.0,1,1.0,631.6495202665894,636.5987628250024,-4.949242558412948,641.6625966667772,636.598762825002,5.063833841775136
22.900000000000002,weld_center,0.0,-0.5,0.5,3,1.0,977.5838815940926,1046.698273770197,-69.11439217610427,997.4749489601594,1046.6982737701996,-49.22332481004025
22.900000000000002,qt_near_interface,0.0,-0.2,-0.2,2,1.0,792.8648066952402,864.7978777436632,-71.93307104842302,786.0867563141237,864.7978777436637,-78.71112142953996
22.900000000000002,qt_far,0.0,-1.0,-1.0,2,1.0,710.0867014143081,749.1038863258663,-39.01718491155816,704.7904484051467,749.1038863258658,-44.31343792071914
22.900000000000002,q235_near_interface,0.0,0.2,0.0,1,1.0,706.2020348122635,708.6256704196668,-2.4236356074032983,723.1046696885383,708.6256704196669,14.478999268871348
22.900000000000002,q235_far,0.0,1.0,0.0,1,1.0,630.5420280591868,634.9568446144212,-4.414816555234438,639.9910011694702,634.9568446144209,5.0341565550493215
23.0,weld_center,0.0,-0.5,0.5,3,1.0,966.0474675439806,1032.4667801126811,-66.41931256870055,983.4946576572679,1032.46678011268,-48.97212245541209
23.0,qt_near_interface,0.0,-0.2,-0.2,2,1.0,787.0294446655537,856.6723546978994,-69.64291003234575,779.3285698417528,856.6723546979,-77.34378485614718
23.0,qt_far,0.0,-1.0,-1.0,2,1.0,705.6977176127382,743.530491063994,-37.832773451255775,700.1079088981393,743.530491063994,-43.42258216585469
23.0,q235_near_interface,0.0,0.2,0.0,1,1.0,702.7374557924046,704.6523209999822,-1.9148652075775772,718.5097077746262,704.652320999982,13.857386774644283
23.0,q235_far,0.0,1.0,0.0,1,1.0,629.0621873717841,632.9891504179626,-3.9269630461784573,637.959259675922,632.989150417962,4.970109257959962
23.0,line_00,0.0,-1.5,-0.5,2,1.0,751.7555769752678,780.4003324802685,-28.644755505000717,790.825433464989,nan,nan
23.0,line_01,0.0,-1.4,-0.4,2,1.0,776.1833407960863,805.1623007223291,-28.978959926242737,819.2829748998778,nan,nan
23.0,line_02,0.0,-1.3,-0.3,2,1.0,791.0190904506819,822.6077904602864,-31.58870000960451,848.0163655736608,nan,nan
23.0,line_03,0.0,-1.2,-0.2,2,1.0,806.4560782323082,840.573611747755,-34.11753351544678,868.541258607942,nan,nan
23.0,line_04,0.0,-1.1,-0.1,2,1.0,818.9279395825164,857.9616803463678,-39.03374076385137,887.7088115226006,nan,nan
23.0,line_05,0.0,-1.0,0.0,3,1.0,867.3336221266464,950.6024524525355,-83.2688303258891,904.6599319514048,nan,nan
23.0,line_06,0.0,-0.9,0.1,3,1.0,919.0322124432233,1000.6764265675399,-81.64421412431659,936.7391940996039,nan,nan
23.0,line_07,0.0,-0.8,0.2,3,1.0,942.2713996679132,1020.8188894273077,-78.54748975939447,961.0859904273107,nan,nan
23.0,line_08,0.0,-0.7,0.3,3,1.0,962.7399497835028,1037.9658006711181,-75.22585088761537,977.0978564147559,nan,nan
23.0,line_09,0.0,-0.6,0.4,3,1.0,967.3329142318738,1038.3387159481476,-71.00580171627382,984.5906141103108,nan,nan
23.0,line_10,0.0,-0.5,0.5,3,1.0,966.0474675439806,1032.4667801126811,-66.41931256870055,983.4946576572594,nan,nan
23.0,line_11,0.0,-0.4,0.6,3,1.0,961.0005910702321,1022.5541010558442,-61.553509985612095,973.7201306359773,nan,nan
23.0,line_12,0.0,-0.3,0.7,3,1.0,943.8640402897687,1000.3085500941468,-56.44450980437807,955.7855405338843,nan,nan
23.0,line_13,0.0,-0.2,0.8,3,1.0,919.4055367171668,970.2644077276565,-50.85887101048968,930.3357600194665,nan,nan
23.0,line_14,0.0,-0.1,0.9,3,1.0,884.2685036071495,931.391501673771,-47.12299806662156,897.1838854898606,nan,nan
23.0,line_15,0.0,0.0,1.0,1,1.0,801.2953544641646,809.623792502906,-8.32843803874141,856.4884865727383,nan,nan
23.0,line_16,0.0,0.1,1.1,1,1.0,790.3072071983394,798.272884792569,-7.965677594229646,842.277891388572,nan,nan
23.0,line_17,0.0,0.2,1.2,1,1.0,779.0042442733136,786.2993642505816,-7.295119977267973,824.230008874359,nan,nan
23.0,line_18,0.0,0.3,1.3,1,1.0,772.0773151821227,779.3925657109872,-7.315250528864567,802.2830257065375,nan,nan
23.0,line_19,0.0,0.4,1.4,1,1.0,756.2950365613635,763.012307078132,-6.717270516768508,780.3988784315816,nan,nan
23.0,line_20,0.0,0.5,1.5,1,1.0,741.8315064086527,748.1254257920683,-6.293919383415641,756.0196041485258,nan,nan
23.0,line_21,0.0,0.6,1.6,1,1.0,725.5278205867752,731.2541115733203,-5.726290986545109,731.1066824140871,nan,nan
23.0,line_22,0.0,0.7,1.7,1,1.0,706.6571411605793,712.0242425449185,-5.3671013843392075,708.4692123485225,nan,nan
23.0,line_23,0.0,0.8,1.8,1,1.0,688.149796108626,693.1674162800301,-5.017620171404133,690.6519062538448,nan,nan
23.0,line_24,0.0,0.9,1.9,1,1.0,670.0014043422219,676.0364877420851,-6.035083399863197,676.5723612320293,nan,nan
23.0,line_25,0.0,1.0,2.0,1,1.0,652.2634692208852,658.6162521761396,-6.3527829552543835,662.9949714498836,nan,nan
23.1,weld_center,0.0,-0.5,0.5,3,1.0,953.9367463200236,1017.7206522676305,-63.783905947606854,969.2281864759822,1017.72065226763,-48.492465791647874
23.1,qt_near_interface,0.0,-0.2,-0.2,2,1.0,780.6661814277209,848.0103245965526,-67.34414316883169,772.1686685684082,848.010324596553,-75.84165602814483
23.1,qt_far,0.0,-1.0,-1.0,2,1.0,700.864703022352,737.5153911986242,-36.65068817627218,694.9915554101422,737.515391198624,-42.52383578848185
23.1,q235_near_interface,0.0,0.2,0.0,1,1.0,698.872051633749,700.326618230284,-1.45456659653496,713.5546782271684,700.326618230284,13.22805999688444
23.1,q235_far,0.0,1.0,0.0,1,1.0,627.2659399125623,630.7294746140135,-3.463534701451181,635.6144253684084,630.729474614014,4.884950754394481
23.200000000000003,weld_center,0.0,-0.5,0.5,3,1.0,941.4121941535032,1002.5851919119033,-61.17299775840013,954.7047915508658,1002.5851919118994,-47.880400361033594
23.200000000000003,qt_near_interface,0.0,-0.2,-0.2,2,1.0,773.8959218963921,838.9177076134255,-65.02178571703337,764.6797653308203,838.9177076134257,-74.23794228260545
23.200000000000003,qt_far,0.0,-1.0,-1.0,2,1.0,695.6746571382822,731.1294443898457,-35.454787251563516,689.5167418494566,731.1294443898457,-41.61270254038914
23.200000000000003,q235_near_interface,0.0,0.2,0.0,1,1.0,694.6892025247811,695.7095626153033,-1.0203600905222174,708.3028795748728,695.7095626153027,12.593316959570075
23.200000000000003,q235_far,0.0,1.0,0.0,1,1.0,625.2049849234272,628.2184399002065,-3.0134549767792578,633.0029877528524,628.2184399002059,4.784547852646483
23.3,weld_center,0.0,-0.5,0.5,3,1.0,928.5834300458987,987.1642341026221,-58.58080405672342,939.9727762510906,987.164234102622,-47.19145785153137
23.3,qt_near_interface,0.0,-0.2,-0.2,2,1.0,766.8076807274208,829.4857178990848,-62.67803717166396,756.9220681046509,829.485717899085,-72.56364979443413
23.3,qt_far,0.0,-1.0,-1.0,2,1.0,690.1958730803891,724.4387794293939,-34.242906349004784,683.7476052260117,724.438779429394,-40.691174203382275
23.3,q235_near_interface,0.0,0.2,0.0,1,1.0,690.251559805599,690.8548787591795,-0.6033189535805832,702.8058947255666,690.85487875918,11.951015966386649
23.3,q235_far,0.0,1.0,0.0,1,1.0,622.9221921669281,625.4944877500683,-2.5722955831402032,630.1657770192495,625.494487750068,4.671289269181557
23.400000000000002,weld_center,0.0,-0.5,0.5,3,1.0,915.5324546964434,971.5437608873435,-56.011306190900086,925.087782402756,971.5437608873434,-46.455978484587376
23.400000000000002,qt_near_interface,0.0,-0.2,-0.2,2,1.0,759.4689320100962,819.7898178413759,-60.320885831279725,748.9479462063736,819.7898178413757,-70.84187163500212
23.400000000000002,qt_far,0.0,-1.0,-1.0,2,1.0,684.4827043865778,717.501174705526,-33.018470318948175,677.7379763411246,717.5011747055257,-39.76319836440109
23.400000000000002,q235_near_interface,0.0,0.2,0.0,1,1.0,685.6073872246026,685.8078499773986,-0.20046275279605652,697.1076819877173,685.8078499773987,11.299832010318596
23.400000000000002,q235_far,0.0,1.0,0.0,1,1.0,620.4523950478183,622.5913023246552,-2.1389072768369033,627.1377723114682,622.5913023246549,4.546469986813349
23.5,weld_center,0.0,-0.5,0.5,3,1.0,902.324669358541,955.7960313019038,-53.47136194336281,910.1057466295804,955.796031301904,-45.69028467232363
23.5,qt_near_interface,0.0,-0.2,-0.2,2,1.0,751.9328607716641,809.8923966861804,-57.95953591451632,740.8036365162899,809.892396686181,-69.08876016989109
23.5,qt_far,0.0,-1.0,-1.0,2,1.0,678.5793955759666,710.3661071368192,-31.78671156085261,671.5333461144896,710.366107136819,-38.83276102232935
23.5,q235_near_interface,0.0,0.2,0.0,1,1.0,680.7951855813568,680.6064473799935,0.18873820136332142,691.2465051332689,680.606447379994,10.640057753274846
23.5,q235_far,0.0,1.0,0.0,1,1.0,617.8241591966911,619.5377422249414,-1.7135830282503548,623.9489378931988,619.537742224942,4.411195668256823
23.6,weld_center,0.0,-0.5,0.5,3,1.0,889.0146712254053,939.9829388892026,-50.96826766379729,895.0797011305075,939.982938889203,-44.90323775869547
23.6,qt_near_interface,0.0,-0.2,-0.2,2,1.0,744.2429895569409,799.8457750437802,-55.602785486839366,732.5301035659522,799.845775043781,-67.3156714778288
23.6,qt_far,0.0,-1.0,-1.0,2,1.0,672.5228644910261,703.0759439577649,-30.553079466738836,665.1726267139112,703.075943957765,-37.90331724385385
23.6,q235_near_interface,0.0,0.2,0.0,1,1.0,675.846729094979,675.2828468927195,0.5638822022594923,685.2559738139014,675.28284689272,9.973126921181347
23.6,q235_far,0.0,1.0,0.0,1,1.0,615.0613767117719,616.3585437158587,-1.2971670040867593,620.6251398891063,616.358543715859,4.266596173247308
23.700000000000003,weld_center,0.0,-0.5,0.5,3,1.0,875.649560256625,924.1584831176694,-48.508922861044425,880.0586477136851,924.1584831176684,-44.09983540398332
23.700000000000003,qt_near_interface,0.0,-0.2,-0.2,2,1.0,736.4361107531529,789.6946655134983,-53.25855476034542,724.1637470836974,789.6946655134986,-65.5309184298012
23.700000000000003,qt_far,0.0,-1.0,-1.0,2,1.0,666.3446597043362,695.6672919203,-29.322632215963836,658.6895446602342,695.6672919202998,-36.9777472600656
23.700000000000003,q235_near_interface,0.0,0.2,0.0,1,1.0,670.78903898824,669.8647600505278,0.924278937712188,679.1658032338912,669.8647600505278,9.30104318336339
23.700000000000003,q235_far,0.0,1.0,0.0,1,1.0,612.1844843961924,613.0751317461776,-0.8906473499852154,617.188946205669,613.0751317461769,4.113814459492119
23.8,weld_center,0.0,-0.5,0.5,3,1.0,862.2709417228913,908.370517251339,-46.09957552844776,865.0873907433058,908.370517251339,-43.283126508033206
23.8,qt_near_interface,0.0,-0.2,-0.2,2,1.0,728.5441731332369,779.4780020573899,-50.93382892415298,715.737067692609,779.47800205739,-63.74093436478097
23.8,qt_far,0.0,-1.0,-1.0,2,1.0,660.0723245027206,688.1721751648753,-28.099850662154722,652.1137132504335,688.172175164875,-36.05846191444141
23.8,q235_near_interface,0.0,0.2,0.0,1,1.0,665.6456812776978,664.3764641292158,1.269217148481971,673.0024549968505,664.376464129216,8.625990867634528
23.8,q235_far,0.0,1.0,0.0,1,1.0,609.211345101812,609.7063236835442,-0.4949785817321981,613.6602808359402,609.706323683544,3.9539571523961285
23.900000000000002,weld_center,0.0,-0.5,0.5,3,1.0,848.9161908007349,892.6619638405978,-43.74577303986291,850.206753285187,892.6619638405974,-42.45521055541042
23.900000000000002,qt_near_interface,0.0,-0.2,-0.2,2,1.0,720.5955176497607,769.2302497769838,-48.63473212722306,707.279265542646,769.2302497769837,-61.950984234337625
23.900000000000002,qt_far,0.0,-1.0,-1.0,2,1.0,653.7303464141326,680.6189700726098,-26.888623658477286,645.4714506350775,680.6189700726088,-35.14751943753129
23.900000000000002,q235_near_interface,0.0,0.2,0.0,1,1.0,660.4376324323213,658.8395592264254,1.5980732058958438,666.7896799071543,658.8395592264258,7.95012068072856
23.900000000000002,q235_far,0.0,1.0,0.0,1,1.0,606.157872539776,606.2688816158386,-0.1110090760626008,610.0569418212617,606.2688816158388,3.7880602054228802
24.0,weld_center,0.0,-0.5,0.5,3,1.0,835.6192747870218,877.07165546719,-41.452380680168176,835.4539059522253,877.07165546719,-41.61774951496466
24.0,qt_near_interface,0.0,-0.2,-0.2,2,1.0,712.6156996728561,758.9823289364704,-46.3666292636143,698.8167456785103,758.982328936471,-60.16558325796075
24.0,qt_far,0.0,-1.0,-1.0,2,1.0,647.3408196814647,673.0331153270777,-25.692295645612944,638.786399428715,673.033115327078,-34.24671589836305
24.0,q235_near_interface,0.0,0.2,0.0,1,1.0,655.1838637683389,653.2735118001715,1.910351968167447,660.5489618542179,653.273511800172,7.275450054045905
24.0,q235_far,0.0,1.0,0.0,1,1.0,603.0384710363907,602.7779267467712,0.2605442896194745,606.3950019726988,602.777926746771,3.617075225927806
24.0,line_00,0.0,-1.5,-0.5,2,1.0,678.3443187938773,697.5058670877281,-19.161548293850842,697.4897942346856,nan,nan
24.0,line_01,0.0,-1.4,-0.4,2,1.0,696.6777880283055,715.8865485845223,-19.208760556216816,717.5836987138816,nan,nan
24.0,line_02,0.0,-1.3,-0.3,2,1.0,708.1257370488056,728.9856270447575,-20.859889995951903,737.8988982669144,nan,nan
24.0,line_03,0.0,-1.2,-0.2,2,1.0,720.0290789154454,742.4840591886907,-22.45498027324527,752.6792540615228,nan,nan
24.0,line_04,0.0,-1.1,-0.1,2,1.0,730.0479241069984,755.6882737775663,-25.640349670567957,766.5978888088916,nan,nan
24.0,line_05,0.0,-1.0,0.0,3,1.0,764.6256250994021,818.4508376576209,-53.82521255821882,779.067082457133,nan,nan
24.0,line_06,0.0,-0.9,0.1,3,1.0,800.7538837878141,853.3496133758937,-52.59572958807962,801.2104336134663,nan,nan
24.0,line_07,0.0,-0.8,0.2,3,1.0,817.377262574916,867.6848322172169,-50.307569642300905,818.2695460969306,nan,nan
24.0,line_08,0.0,-0.7,0.3,3,1.0,832.0769324269403,879.936729850806,-47.85979742386576,829.7945918175661,nan,nan
24.0,line_09,0.0,-0.6,0.4,3,1.0,835.8600649302392,880.6391611175613,-44.779096187322125,835.4467488442612,nan,nan
24.0,line_10,0.0,-0.5,0.5,3,1.0,835.6192747870218,877.07165546719,-41.452380680168176,835.4539059522149,nan,nan
24.0,line_11,0.0,-0.4,0.6,3,1.0,832.7415668225974,870.6361933445392,-37.894626521941746,829.6748035759672,nan,nan
24.0,line_12,0.0,-0.3,0.7,3,1.0,821.4585979430916,855.6803682014656,-34.22177025837402,818.3225426350347,nan,nan
24.0,line_13,0.0,-0.2,0.8,3,1.0,805.3462467171013,835.5381633015528,-30.19191658445152,802.0400511075663,nan,nan
24.0,line_14,0.0,-0.1,0.9,3,1.0,781.8028128985517,809.2038277926007,-27.401014894049013,780.6195188311106,nan,nan
24.0,line_15,0.0,0.0,1.0,1,1.0,725.4471601004241,727.2485948091743,-1.8014347087502074,754.1014753516722,nan,nan
24.0,line_16,0.0,0.1,1.1,1,1.0,717.7983622922595,719.3703373598868,-1.5719750676272497,744.741989957053,nan,nan
24.0,line_17,0.0,0.2,1.2,1,1.0,709.8769311075108,711.0158125195301,-1.1388814120192592,732.8338775218987,nan,nan
24.0,line_18,0.0,0.3,1.3,1,1.0,705.1234925053003,706.2798290165222,-1.1563365112218662,718.3172146616157,nan,nan
24.0,line_19,0.0,0.4,1.4,1,1.0,694.0966165652376,694.8761143334532,-0.7794977682156059,703.8511203608945,nan,nan
24.0,line_20,0.0,0.5,1.5,1,1.0,684.007356858033,684.5226984174484,-0.5153415594154467,687.7060226389667,nan,nan
24.0,line_21,0.0,0.6,1.6,1,1.0,672.600981246739,672.7638623291338,-0.1628810823947333,671.1696160352433,nan,nan
24.0,line_22,0.0,0.7,1.7,1,1.0,659.4183117610269,659.3749710786808,0.043340682346070025,656.1293655503423,nan,nan
24.0,line_23,0.0,0.8,1.8,1,1.0,646.4885278377219,646.2448351417283,0.24369269599355903,644.0924976702531,nan,nan
24.0,line_24,0.0,0.9,1.9,1,1.0,633.5059724031024,634.172030939933,-0.6660585368306329,634.377799180771,nan,nan
24.0,line_25,0.0,1.0,2.0,1,1.0,620.9800365902302,621.9781406959544,-0.9981041057242237,625.0040955501225,nan,nan
24.1,weld_center,0.0,-0.5,0.5,3,1.0,822.3915730043462,861.6120099761324,-39.22043697178617,820.8842057576379,861.612009976133,-40.727804218495066
24.1,qt_near_interface,0.0,-0.2,-0.2,2,1.0,704.5719378935493,748.7391925713549,-44.16725467780566,690.3741910715456,748.739192571355,-58.36500149980941
24.1,qt_far,0.0,-1.0,-1.0,2,1.0,640.8840096082347,665.4210273534887,-24.537017745254047,632.0705534751593,665.421027353489,-33.350473878329694
24.1,q235_near_interface,0.0,0.2,0.0,1,1.0,649.8608886562047,647.6814478738715,2.179440782333131,654.2949790959815,647.681447873872,6.613531222109486
24.1,q235_far,0.0,1.0,0.0,1,1.0,599.8376921314662,599.2366515057579,0.601040625708265,602.6787904426914,599.236651505758,3.442138936933361
24.200000000000003,weld_center,0.0,-0.5,0.5,3,1.0,809.2404331563782,846.2763649056815,-37.035931749303245,806.5043130498885,846.2763649056805,-39.772051855791915
24.200000000000003,qt_near_interface,0.0,-0.2,-0.2,2,1.0,696.429662536838,738.4844465557621,-42.054784018924124,681.9652336007778,738.4844465557627,-56.51921295498494
24.200000000000003,qt_far,0.0,-1.0,-1.0,2,1.0,634.3318940278738,657.7716692110849,-23.439775183211168,625.3266038299389,657.7716692110848,-32.44506538114592
24.200000000000003,q235_near_interface,0.0,0.2,0.0,1,1.0,644.4417463885595,642.0526790681431,2.389067320416416,648.0352854405984,642.0526790681428,5.982606372455621
24.200000000000003,q235_far,0.0,1.0,0.0,1,1.0,596.5313264581241,595.6367359444047,0.8945905137194359,598.9054355588993,595.6367359444049,3.2686996144943805
24.3,weld_center,0.0,-0.5,0.5,3,1.0,796.1784139166568,831.0709741257191,-34.89256020906225,792.281156462955,831.070974125719,-38.789817662763994
24.3,qt_near_interface,0.0,-0.2,-0.2,2,1.0,688.2129242347235,728.2138218637594,-40.00089762903599,673.5878122474535,728.21382186376,-54.62600961630653
24.3,qt_far,0.0,-1.0,-1.0,2,1.0,627.6939321068966,650.0798874071731,-22.385955300276578,618.5578896487738,650.079887407173,-31.521997758399266
24.3,q235_near_interface,0.0,0.2,0.0,1,1.0,638.9411093988826,636.3835113559676,2.5575980429150604,641.7715479762801,636.383511355968,5.38803662031205
24.3,q235_far,0.0,1.0,0.0,1,1.0,593.1225777495995,591.9733192743765,1.1492584752229504,595.0764942032031,591.973319274377,3.1031749288260926
24.400000000000002,weld_center,0.0,-0.5,0.5,3,1.0,783.2119106948675,816.0142924680857,-32.80238177321826,778.2234719249564,816.0142924680854,-37.79082054312903
24.400000000000002,qt_near_interface,0.0,-0.2,-0.2,2,1.0,679.948016060382,717.938569688394,-37.99055362801198,665.2391080010702,717.9385696883936,-52.69946168732338
24.400000000000002,qt_far,0.0,-1.0,-1.0,2,1.0,620.9869827884022,642.3512112564986,-21.36422846809637,611.7685406011965,642.3512112564988,-30.58267065530231
24.400000000000002,q235_near_interface,0.0,0.2,0.0,1,1.0,633.377153351289,630.679786953831,2.6973663974580404,635.5030950613833,630.6797869538308,4.823308107552521
24.400000000000002,q235_far,0.0,1.0,0.0,1,1.0,589.623581289212,588.2487813606635,1.3747999285484411,591.1954153566602,588.2487813606639,2.946633995996308
24.5,weld_center,0.0,-0.5,0.5,3,1.0,770.3577393383737,801.1317036124454,-30.773964274071773,764.3554477232674,801.131703612445,-36.776255889177605
24.5,qt_near_interface,0.0,-0.2,-0.2,2,1.0,671.6600458093505,707.6795943326146,-36.01954852326401,656.9252041358229,707.679594332615,-50.75439019679209
24.5,qt_far,0.0,-1.0,-1.0,2,1.0,614.2314148215244,634.5993893992512,-20.36797457772684,604.9662020431117,634.599389399251,-29.633187356139274
24.5,q235_near_interface,0.0,0.2,0.0,1,1.0,627.7682608760614,624.9537184907924,2.8145423852689646,629.2349056404795,624.953718490793,4.281187149686502
24.5,q235_far,0.0,1.0,0.0,1,1.0,586.0489921118424,584.4711390275114,1.5778530843309682,587.2684587796174,584.471139027511,2.797319752106432
24.6,weld_center,0.0,-0.5,0.5,3,1.0,757.6388075571398,786.4511915252693,-28.812383968129552,750.7032484105066,786.451191525269,-35.74794311476239
24.6,qt_near_interface,0.0,-0.2,-0.2,2,1.0,663.3735868526,697.4620341799023,-34.08844732730222,648.6591387322586,697.462034179903,-48.802895447644346
24.6,qt_far,0.0,-1.0,-1.0,2,1.0,607.4487096218951,626.8428235295237,-19.394113907628594,598.162469943515,626.842823529524,-28.680353586009005
24.6,q235_near_interface,0.0,0.2,0.0,1,1.0,622.1329065781445,619.2206415419898,2.912265036154622,622.977493565693,619.22064154199,3.7568520237030043
24.6,q235_far,0.0,1.0,0.0,1,1.0,582.41397377785,580.6516134826713,1.7623602951786097,583.3045999778467,580.651613482671,2.6529864951756963
24.700000000000003,weld_center,0.0,-0.5,0.5,3,1.0,745.0797651554269,772.0005680528541,-26.920802897427166,737.2915424237322,772.0005680528535,-34.709025629121356
24.700000000000003,qt_near_interface,0.0,-0.2,-0.2,2,1.0,655.11230143969,687.3118550389314,-32.199553599241426,640.4572512541546,687.3118550389316,-46.854603784777055
24.700000000000003,qt_far,0.0,-1.0,-1.0,2,1.0,600.6599758047503,619.1017745857725,-18.44179878102227,591.3716411204645,619.1017745857728,-27.730133465308313
24.700000000000003,q235_near_interface,0.0,0.2,0.0,1,1.0,616.4891022174485,613.4968146919908,2.992287525457641,616.7443591148356,613.4968146919907,3.2475444228448396
24.700000000000003,q235_far,0.0,1.0,0.0,1,1.0,578.7333324784772,576.8027596467776,1.9305728316995783,579.3145704096222,576.8027596467779,2.511810762844334
24.8,weld_center,0.0,-0.5,0.5,3,1.0,732.704599236949,757.8059166163055,-25.101317379356487,724.1427582268459,757.805916616306,-33.663158389460136
24.8,qt_near_interface,0.0,-0.2,-0.2,2,1.0,646.8983619406266,677.254001573767,-30.355639633140413,632.3367327084452,677.254001573767,-44.91726886532183
24.8,qt_far,0.0,-1.0,-1.0,2,1.0,593.8851398696117,611.3965644547329,-17.511424585121176,584.6092267213542,611.396564454733,-26.787337733378877
24.8,q235_near_interface,0.0,0.2,0.0,1,1.0,610.853853776461,607.7981493871009,3.0557043893601303,610.5499571193903,607.798149387101,2.7518077322893078
24.8,q235_far,0.0,1.0,0.0,1,1.0,575.0210709066819,572.9372932447855,2.08377766189642,575.3098522011876,572.937293244786,2.3725589564015763
24.900000000000002,weld_center,0.0,-0.5,0.5,3,1.0,720.5355027608076,743.8908274631052,-23.355324702297594,711.2769087823318,743.8908274631045,-32.61391868077271
24.900000000000002,qt_near_interface,0.0,-0.2,-0.2,2,1.0,638.752089377398,667.3115061707055,-28.55941679330749,624.3143063371965,667.3115061707057,-42.99719983350917
24.900000000000002,qt_far,0.0,-1.0,-1.0,2,1.0,587.1425685096335,603.7465494023521,-16.603980892718596,577.8908208244436,603.7465494023518,-25.855728577908167
24.900000000000002,q235_near_interface,0.0,0.2,0.0,1,1.0,605.2428477851843,602.1395593209452,3.1032884642390854,604.4085214178617,602.1395593209447,2.2689620969169937
24.900000000000002,q235_far,0.0,1.0,0.0,1,1.0,571.2901768281895,569.0674387918598,2.2227380363297016,571.3019413375149,569.0674387918599,2.2345025456550047
25.0,weld_center,0.0,-0.5,0.5,3,1.0,708.5924251933319,730.2761021008964,-21.683676907564518,698.7115477753475,730.276102100896,-31.564554325548443
25.0,qt_near_interface,0.0,-0.2,-0.2,2,1.0,630.6918276717824,657.5051369103807,-26.813309238598208,616.4055783014388,657.505136910381,-41.099558608942175
25.0,qt_far,0.0,-1.0,-1.0,2,1.0,580.4489454232169,596.1696024069507,-15.720656983733875,571.2313878006667,596.169602406951,-24.938214606284305
25.0,q235_near_interface,0.0,0.2,0.0,1,1.0,599.6703396420874,596.5346774748273,3.1356621672600795,598.3334667574613,596.534677474827,1.7987892826342886
25.0,q235_far,0.0,1.0,0.0,1,1.0,567.5525563273451,565.2046082614307,2.347948065914352,567.3018918654058,565.204608261431,2.0972836039748017
25.1,weld_center,0.0,-0.5,0.5,3,1.0,696.8929650564387,716.9797172410701,-20.08675218463145,686.4617883525832,716.97971724107,-30.517928888486836
25.1,qt_near_interface,0.0,-0.2,-0.2,2,1.0,622.7339717340624,647.8533324428687,-25.119360708806312,608.6247471597188,647.853332442869,-39.22858528315021
25.1,qt_far,0.0,-1.0,-1.0,2,1.0,573.8192875732786,588.681903669074,-14.862616095795374,564.6448696565883,588.681903669074,-24.03703401248572
25.1,q235_near_interface,0.0,0.2,0.0,1,1.0,594.14916640404,590.9957757701446,3.1533906338953557,592.3371149205988,590.995775770145,1.3413391504537913
25.1,q235_far,0.0,1.0,0.0,1,1.0,563.8190502212971,561.3592723895667,2.459777831730321,563.3200678643877,561.359272389567,1.9607954748207703
25.200000000000003,weld_center,0.0,-0.5,0.5,3,1.0,685.4524243326542,704.0169223640266,-18.56449803137241,674.5403697312671,704.0169223640255,-29.4765526327584
25.200000000000003,qt_near_interface,0.0,-0.2,-0.2,2,1.0,614.8930749209004,638.3722800711754,-23.479205150274993,600.9845032432365,638.3722800711756,-37.38777682793909
25.200000000000003,qt_far,0.0,-1.0,-1.0,2,1.0,567.26703059422,581.2979060689447,-14.030875474724667,558.1440028349073,581.2979060689448,-23.153903234037557
25.200000000000003,q235_near_interface,0.0,0.2,0.0,1,1.0,588.6908222290328,585.5337887490407,3.157033479992151,586.4305942463743,585.5337887490408,0.8968054973335029
25.200000000000003,q235_far,0.0,1.0,0.0,1,1.0,560.0994925073676,557.5409371179529,2.558555389414664,559.3660294619034,557.5409371179529,1.8250923439504732
25.3,weld_center,0.0,-0.5,0.5,3,1.0,674.2839326177109,691.4003993104405,-17.11646669272966,662.957759841385,691.40039931044,-28.44263946905494
25.3,qt_near_interface,0.0,-0.2,-0.2,2,1.0,607.1819879014118,629.0760579547502,-21.894070053338396,593.4960288867276,629.076057954751,-35.580029068023464
25.3,qt_far,0.0,-1.0,-1.0,2,1.0,560.8041426966855,574.0303931522176,-13.226250455532067,551.7402611934706,574.030393152218,-22.290131958747452
25.3,q235_near_interface,0.0,0.2,0.0,1,1.0,583.3055584594609,580.1583856709274,3.1471727885335667,580.6238306064251,580.158385670928,0.4654449354970893
25.3,q235_far,0.0,1.0,0.0,1,1.0,556.4027857103108,553.7581734893022,2.6446122210086287,555.4484989170918,553.758173489302,1.690325427789844
25.400000000000002,weld_center,0.0,-0.5,0.5,3,1.0,663.3980584789166,679.1396209515846,-15.741562472667965,651.7187797090214,679.1396209515835,-27.42084124256212
25.400000000000002,qt_near_interface,0.0,-0.2,-0.2,2,1.0,599.6116124231736,619.9758340949178,-20.36422167174419,586.168287964049,619.9758340949177,-33.80754613086867
25.400000000000002,qt_far,0.0,-1.0,-1.0,2,1.0,554.440480495355,566.8898266672514,-12.449346171896423,545.4435330265153,566.8898266672508,-21.446293640735462
25.400000000000002,q235_near_interface,0.0,0.2,0.0,1,1.0,578.0019836183557,574.8773958462493,3.124587772106338,574.9252026916565,574.8773958462498,0.04780684540673974
25.400000000000002,q235_far,0.0,1.0,0.0,1,1.0,552.7361023570378,550.0181325571764,2.7179697998614074,551.5751479937358,550.0181325571759,1.5570154365598228
25.5,weld_center,0.0,-0.5,0.5,3,1.0,652.7987072625008,667.237370418294,-14.438663155793165,640.8136499175247,667.237370418294,-26.423720500769264
25.5,qt_near_interface,0.0,-0.2,-0.2,2,1.0,592.1883609391047,611.0757481395241,-18.887387200419425,579.0045768225623,611.075748139524,-32.07117131696168
25.5,qt_far,0.0,-1.0,-1.0,2,1.0,548.1801415153524,559.8810198660528,-11.700878350700464,539.2601851546192,559.881019866053,-20.62083471143376
25.5,q235_near_interface,0.0,0.2,0.0,1,1.0,572.784411117797,569.6939210379804,3.090490079816618,569.3392993168776,569.69392103798,-0.3546217211023759
25.5,q235_far,0.0,1.0,0.0,1,1.0,549.1013607094504,546.324134888594,2.7772258208564153,547.7512113105911,546.324134888594,1.4270764219970715
25.6,weld_center,0.0,-0.5,0.5,3,1.0,642.4791278123741,655.6926082899739,-13.213480477599774,630.2542210037384,655.692608289974,-25.43838728623564
25.6,qt_near_interface,0.0,-0.2,-0.2,2,1.0,584.9118085536604,602.3763060404178,-17.46449748675741,572.005091334806,602.376306040418,-30.37121470561192
25.6,qt_far,0.0,-1.0,-1.0,2,1.0,542.0228804757112,553.0053128851918,-10.982432409480566,533.1922399674269,553.005312885192,-19.813072917765112
25.6,q235_near_interface,0.0,0.2,0.0,1,1.0,567.6525953737835,564.6085099253311,3.0440854484523925,563.8661451560146,564.608509925331,-0.7423647693163957
25.6,q235_far,0.0,1.0,0.0,1,1.0,545.4993863591505,542.6771600478063,2.8222263113442523,543.9784686541869,542.677160047806,1.3013086063809851
25.700000000000003,weld_center,0.0,-0.5,0.5,3,1.0,632.4394834805652,644.5029301684378,-12.06344668787267,620.0443397077943,644.5029301684376,-24.458590460643336
25.700000000000003,qt_near_interface,0.0,-0.2,-0.2,2,1.0,577.7809840301758,593.8773412847971,-16.096357254621353,565.1718448053182,593.8773412847967,-28.705496479478484
25.700000000000003,qt_far,0.0,-1.0,-1.0,2,1.0,535.9692847395985,546.2630171256494,-10.29373238605092,527.2407635526284,546.2630171256487,-19.022253573020294
25.700000000000003,q235_near_interface,0.0,0.2,0.0,1,1.0,562.6060583480306,559.6211976980719,2.984860649958705,558.5067424677028,559.6211976980718,-1.1144552303690034
25.700000000000003,q235_far,0.0,1.0,0.0,1,1.0,541.9309203901198,539.077611352849,2.853309037270833,540.2577555664901,539.0776113528489,1.180144213641256
25.8,weld_center,0.0,-0.5,0.5,3,1.0,622.6816875546634,633.665799427108,-10.9841118724446,610.1816133633113,633.665799427108,-23.484186063796756
25.8,qt_near_interface,0.0,-0.2,-0.2,2,1.0,570.7968826192003,585.5792909725585,-14.782408353358164,558.506973793003,585.579290972559,-27.072317179555967
25.8,qt_far,0.0,-1.0,-1.0,2,1.0,530.0212417929696,539.6547762335479,-9.633534440578273,521.4072685669765,539.654776233548,-18.247507666571437
25.8,q235_near_interface,0.0,0.2,0.0,1,1.0,557.6458831733578,554.73247041871,2.9134127546477657,553.2628401989341,554.73247041871,-1.4696302197759223
25.8,q235_far,0.0,1.0,0.0,1,1.0,538.3975400401188,535.5262638391273,2.871276200991474,536.5901671954732,535.526263839127,1.063903356346259
25.900000000000002,weld_center,0.0,-0.5,0.5,3,1.0,613.207620415121,623.1789167066762,-9.971296291555177,600.6617464600367,623.1789167066756,-22.517170246638898
25.900000000000002,qt_near_interface,0.0,-0.2,-0.2,2,1.0,563.9620595001695,577.4834380509211,-13.521378550751592,552.0119891359258,577.4834380509208,-25.471448914994994
25.900000000000002,qt_far,0.0,-1.0,-1.0,2,1.0,524.1816606962338,533.182020224173,-9.000359527939167,515.6937189337185,533.1820202241728,-17.488301290454274
25.900000000000002,q235_near_interface,0.0,0.2,0.0,1,1.0,552.7744212162798,549.9434935699919,2.8309276462879325,548.1361394121878,549.9434935699919,-1.8073541578040704
25.900000000000002,q235_far,0.0,1.0,0.0,1,1.0,534.9017356904171,532.0245503214009,2.8771853690162743,532.9772481766096,532.0245503214009,0.9526978552087257
26.0,weld_center,0.0,-0.5,0.5,3,1.0,604.018787442045,613.0401543197792,-9.021366877734181,591.4801451293858,613.040154319779,-21.560009190393203
26.0,qt_near_interface,0.0,-0.2,-0.2,2,1.0,557.2798695765291,569.5917066719265,-12.311837095397436,545.6879557449848,569.591706671927,-23.903750926942166
26.0,qt_far,0.0,-1.0,-1.0,2,1.0,518.4540876700444,526.8469195727462,-8.3928319027018,510.10233355390596,526.846919572746,-16.744586018839982
26.0,q235_near_interface,0.0,0.2,0.0,1,1.0,547.9947249273896,545.2559937374671,2.7387311899225324,543.1281812995928,545.255993737467,-2.1278124378741268
26.0,q235_far,0.0,1.0,0.0,1,1.0,531.4466529735433,528.5745033367282,2.872149636815152,529.4209232285754,528.574503336728,0.846419891847404
