candidate,resolution,thermal_source,material_scenario,restraint_pattern,foundation_n_mm3,position_sensitivity_diameter_mm,bore_fit_rms_mm,relative_linear_residual,maximum_displacement_mm,formal_welding_residual_prediction
Continuous,coarse,fvm,nominal,uniform_half,10000.0,3.8264601119946095e-05,0.0004116261046465477,1.0024642216398913e-14,0.0065584535690057415,False
Continuous,coarse,fvm,nominal,uniform_full,10000.0,7.885247094647692e-05,0.0006458890379765101,9.539013124711862e-15,0.010294181721579018,False
Continuous,coarse,fvm,nominal,hemisphere_0,10000.0,0.004247535816842098,0.0005578733229120722,9.481985523232803e-15,0.009379333967396139,False
Continuous,coarse,fvm,nominal,hemisphere_30,10000.0,0.004257745354943264,0.0005565501259492123,9.569671610536487e-15,0.009369574067422988,False
Continuous,coarse,fvm,nominal,hemisphere_60,10000.0,0.0042782102933847195,0.0005575048927627578,9.93110614773756e-15,0.009401281070580263,False
Continuous,coarse,fvm,nominal,hemisphere_90,10000.0,0.004311083207895769,0.0005583403957252136,9.539017380342198e-15,0.009365626830031299,False
Continuous,coarse,fvm,low_expansion_high_yield,uniform_half,10000.0,3.756385139159315e-05,0.0003682222167883848,8.558673482179305e-15,0.00585150690154737,False
Continuous,coarse,fvm,low_expansion_high_yield,uniform_full,10000.0,6.71777643136045e-05,0.00080415545769029,1.1324267486034702e-14,0.012657196070369301,False
Continuous,coarse,fvm,low_expansion_high_yield,hemisphere_0,10000.0,0.0021086892131987165,0.0005912028592554023,1.0446678092356396e-14,0.010290115460122727,False
Continuous,coarse,fvm,low_expansion_high_yield,hemisphere_30,10000.0,0.0021195826374255052,0.0005887898235962109,1.0132095440013327e-14,0.010257070687595937,False
Continuous,coarse,fvm,low_expansion_high_yield,hemisphere_60,10000.0,0.0021314245750900826,0.000589626985766158,1.0470013899888943e-14,0.010267328172831798,False
Continuous,coarse,fvm,low_expansion_high_yield,hemisphere_90,10000.0,0.0021540592518501213,0.0005910048338827572,9.835150286824945e-15,0.010244637344139487,False
Continuous,coarse,fvm,high_expansion_low_yield,uniform_half,10000.0,3.7120898674962887e-05,0.0005038364983743853,1.1872819160710072e-14,0.007985287189284363,False
Continuous,coarse,fvm,high_expansion_low_yield,uniform_full,10000.0,5.50006633062774e-05,0.00033835489820001525,1.008678400232737e-14,0.008049786600506764,False
Continuous,coarse,fvm,high_expansion_low_yield,hemisphere_0,10000.0,0.009909941854471324,0.0006247029444711462,1.0840562530102133e-14,0.01006760049912665,False
Continuous,coarse,fvm,high_expansion_low_yield,hemisphere_30,10000.0,0.009915912789324886,0.0006235958908937147,1.066085854457208e-14,0.010115639252789306,False
Continuous,coarse,fvm,high_expansion_low_yield,hemisphere_60,10000.0,0.009945040743160882,0.0006179640365770656,1.0722660627827355e-14,0.010096307172547002,False
Continuous,coarse,fvm,high_expansion_low_yield,hemisphere_90,10000.0,0.009935450042065615,0.0006191857507054497,1.1004080094936095e-14,0.010090007256519531,False
Continuous,coarse,elmer,nominal,uniform_half,10000.0,3.461030106941638e-05,0.0003763950715966933,9.64010966727025e-15,0.005987997876393843,False
Continuous,coarse,elmer,nominal,uniform_full,10000.0,7.742025128850003e-05,0.0006482350710575618,9.534817715620207e-15,0.010323658967735754,False
Continuous,coarse,elmer,nominal,hemisphere_0,10000.0,0.004198597965149328,0.0005416283855116865,9.627934164617053e-15,0.009185917488420382,False
Continuous,coarse,elmer,nominal,hemisphere_30,10000.0,0.004213282377360783,0.0005400742120415326,9.464616850419297e-15,0.009172763818133433,False
Continuous,coarse,elmer,nominal,hemisphere_60,10000.0,0.004231369531562913,0.0005405451492533443,9.38465050499373e-15,0.009200757662281348,False
Continuous,coarse,elmer,nominal,hemisphere_90,10000.0,0.004261897343044239,0.0005416166526953025,9.44821548811059e-15,0.009164489111071797,False
Continuous,coarse,elmer,low_expansion_high_yield,uniform_half,10000.0,3.3790020582310216e-05,0.0003330406048007252,8.195700003482468e-15,0.005282537789109439,False
Continuous,coarse,elmer,low_expansion_high_yield,uniform_full,10000.0,5.5708893408339634e-05,0.0007741984928524053,1.1938102703682387e-14,0.012187984327728564,False
Continuous,coarse,elmer,low_expansion_high_yield,hemisphere_0,10000.0,0.0020103065884275236,0.0005590908021052897,1.0803019818206425e-14,0.009786716291970268,False
Continuous,coarse,elmer,low_expansion_high_yield,hemisphere_30,10000.0,0.0020216965061929395,0.0005572897234668199,1.002199062158531e-14,0.009760861368217758,False
Continuous,coarse,elmer,low_expansion_high_yield,hemisphere_60,10000.0,0.0020323223683750558,0.0005572878798601474,9.996212206225924e-15,0.009761374326085865,False
Continuous,coarse,elmer,low_expansion_high_yield,hemisphere_90,10000.0,0.002052329294234111,0.000558373212950759,1.0244211504950719e-14,0.009742526138647702,False
Continuous,coarse,elmer,high_expansion_low_yield,uniform_half,10000.0,3.831661563720729e-05,0.0004689123901095162,1.1510313726548301e-14,0.007429726939976609,False
Continuous,coarse,elmer,high_expansion_low_yield,uniform_full,10000.0,5.499823613191902e-05,0.0003486389904136213,1.0117404975175857e-14,0.008116776327755936,False
Continuous,coarse,elmer,high_expansion_low_yield,hemisphere_0,10000.0,0.009903652778860399,0.0006161827621769161,1.1306358653116597e-14,0.00994546510820739,False
Continuous,coarse,elmer,high_expansion_low_yield,hemisphere_30,10000.0,0.009908812582328626,0.0006149958757709029,1.082405910886571e-14,0.009996130165751176,False
Continuous,coarse,elmer,high_expansion_low_yield,hemisphere_60,10000.0,0.009936062399123046,0.0006096055755145604,1.1107050632966984e-14,0.009976695842502036,False
Continuous,coarse,elmer,high_expansion_low_yield,hemisphere_90,10000.0,0.009926094112203233,0.0006111022341944327,1.0843141372028998e-14,0.00997284288677133,False
Continuous,coarse,fvm,nominal,uniform_half,1000000.0,3.047551480914162e-05,0.00033481203143705904,7.87147838804345e-15,0.005250515568936338,False
Continuous,coarse,fvm,nominal,uniform_full,1000000.0,5.7229789156686745e-05,0.0004654576283242646,6.674116267391947e-15,0.007257845840453575,False
Continuous,coarse,fvm,nominal,hemisphere_0,1000000.0,0.0029653863920870924,0.0004262279381394328,7.258864783629077e-15,0.006923066321026633,False
Continuous,coarse,fvm,nominal,hemisphere_30,1000000.0,0.0029603426058515225,0.00042621999223305774,6.9843269699964905e-15,0.006929916848958011,False
Continuous,coarse,fvm,nominal,hemisphere_60,1000000.0,0.0029686603776490172,0.00042484870873540524,7.097811172441743e-15,0.006934299419552013,False
Continuous,coarse,fvm,nominal,hemisphere_90,1000000.0,0.002992233005069207,0.0004242997374607227,7.094837936007776e-15,0.006872501959775176,False
Continuous,coarse,fvm,low_expansion_high_yield,uniform_half,1000000.0,3.0995405243943156e-05,0.0003229385133331277,7.236059438789878e-15,0.00505753302348826,False
Continuous,coarse,fvm,low_expansion_high_yield,uniform_full,1000000.0,4.763835542997457e-05,0.0005861131981184591,8.514084760866477e-15,0.009026400592302253,False
Continuous,coarse,fvm,low_expansion_high_yield,hemisphere_0,1000000.0,0.0014278979879660605,0.0004589032649724919,7.918161528734043e-15,0.007864701762980318,False
Continuous,coarse,fvm,low_expansion_high_yield,hemisphere_30,1000000.0,0.0014383030900192637,0.00045797818739860374,7.736741314694496e-15,0.007851348747462936,False
Continuous,coarse,fvm,low_expansion_high_yield,hemisphere_60,1000000.0,0.0014487268032441773,0.00045700545489478945,7.439229223573702e-15,0.007836575478766603,False
Continuous,coarse,fvm,low_expansion_high_yield,hemisphere_90,1000000.0,0.001464623560125469,0.0004566934784633794,7.598310676201291e-15,0.007795037883505929,False
Continuous,coarse,fvm,high_expansion_low_yield,uniform_half,1000000.0,2.9585305162934275e-05,0.00038100048033069437,8.805192078208945e-15,0.005926646596926554,False
Continuous,coarse,fvm,high_expansion_low_yield,uniform_full,1000000.0,4.2714902988211695e-05,0.00024118179465132506,7.488755857991655e-15,0.006029751100586918,False
Continuous,coarse,fvm,high_expansion_low_yield,hemisphere_0,1000000.0,0.007473698995981599,0.0005338740387936208,8.016267826496588e-15,0.007488381432223854,False
Continuous,coarse,fvm,high_expansion_low_yield,hemisphere_30,1000000.0,0.007483491626975292,0.0005340866222807701,7.771140271317549e-15,0.007540916721502214,False
Continuous,coarse,fvm,high_expansion_low_yield,hemisphere_60,1000000.0,0.007511050912432653,0.0005279387200384211,7.743834625885539e-15,0.00750958422942207,False
Continuous,coarse,fvm,high_expansion_low_yield,hemisphere_90,1000000.0,0.007503857503251688,0.0005277034851005678,7.967709758159488e-15,0.00749061426237862,False
Continuous,coarse,elmer,nominal,uniform_half,1000000.0,2.8072235706991216e-05,0.0003143168447906917,7.701609219998708e-15,0.0049236879314604465,False
Continuous,coarse,elmer,nominal,uniform_full,1000000.0,5.6037048950177095e-05,0.0004665764071791667,6.8652597560799954e-15,0.007268894243268712,False
Continuous,coarse,elmer,nominal,hemisphere_0,1000000.0,0.0029099556583439276,0.00041628361673547664,7.209693102723034e-15,0.006824582378641662,False
Continuous,coarse,elmer,nominal,hemisphere_30,1000000.0,0.0029163254252339314,0.00041620767222746,7.18419636544889e-15,0.006828910983413141,False
Continuous,coarse,elmer,nominal,hemisphere_60,1000000.0,0.002930868886839776,0.0004143998311493483,7.0715702267440585e-15,0.00682780445487116,False
Continuous,coarse,elmer,nominal,hemisphere_90,1000000.0,0.0029528322615722815,0.00041394493178708463,6.8847760738217745e-15,0.006769013424086583,False
Continuous,coarse,elmer,low_expansion_high_yield,uniform_half,1000000.0,2.816205507283058e-05,0.0002985237095844644,7.473744910788667e-15,0.004675118947854674,False
Continuous,coarse,elmer,low_expansion_high_yield,uniform_full,1000000.0,4.0444052687560716e-05,0.0005675321511472952,7.978147730625518e-15,0.008744329588714446,False
Continuous,coarse,elmer,low_expansion_high_yield,hemisphere_0,1000000.0,0.0013641574605669437,0.00043751251524297733,7.795450380162388e-15,0.007549191608433785,False
Continuous,coarse,elmer,low_expansion_high_yield,hemisphere_30,1000000.0,0.0013746781400365057,0.0004368530624260568,8.01323086280086e-15,0.00753935851035263,False
Continuous,coarse,elmer,low_expansion_high_yield,hemisphere_60,1000000.0,0.0013843909471038635,0.0004355865883630152,7.859564374587758e-15,0.007521253785532114,False
Continuous,coarse,elmer,low_expansion_high_yield,hemisphere_90,1000000.0,0.0013987919530760939,0.0004351408494001398,7.669435453924183e-15,0.007484510220562423,False
Continuous,coarse,elmer,high_expansion_low_yield,uniform_half,1000000.0,3.046363277890719e-05,0.0003601283868568546,8.909029827652001e-15,0.005602098971534294,False
Continuous,coarse,elmer,high_expansion_low_yield,uniform_full,1000000.0,4.257138351490207e-05,0.0002483085946514578,7.603184835643085e-15,0.006066184035639567,False
Continuous,coarse,elmer,high_expansion_low_yield,hemisphere_0,1000000.0,0.0074645048525774785,0.0005292245032984342,8.045147692981169e-15,0.007426362808813923,False
Continuous,coarse,elmer,high_expansion_low_yield,hemisphere_30,1000000.0,0.007473646124162094,0.0005294226405763281,8.020077504958799e-15,0.007477152793659057,False
Continuous,coarse,elmer,high_expansion_low_yield,hemisphere_60,1000000.0,0.00749970850429007,0.0005234095433179164,7.958749062396805e-15,0.007449709173272225,False
Continuous,coarse,elmer,high_expansion_low_yield,hemisphere_90,1000000.0,0.007492151146928711,0.0005233943647060711,8.009172957699507e-15,0.007425840359406315,False
Continuous,medium,fvm,nominal,uniform_half,10000.0,4.513288364689534e-05,0.0004859396385809149,1.6643571227429703e-14,0.007587631721842576,False
Continuous,medium,fvm,nominal,uniform_full,10000.0,5.93376417966669e-05,0.0007364639811715758,1.6684067933963735e-14,0.011371688755828837,False
Continuous,medium,fvm,nominal,hemisphere_0,10000.0,0.004167620712005474,0.0006361937581117687,1.6540236252136685e-14,0.010444757622894773,False
Continuous,medium,fvm,nominal,hemisphere_30,10000.0,0.004189889587452728,0.0006468813873800786,1.6487986337671283e-14,0.010469365050408354,False
Continuous,medium,fvm,nominal,hemisphere_60,10000.0,0.004199874765855837,0.000641731016431603,1.6303928054760336e-14,0.010454962310873598,False
Continuous,medium,fvm,nominal,hemisphere_90,10000.0,0.004197774413427232,0.0006364030683362447,1.6651025798529527e-14,0.010463792742453291,False
Continuous,medium,fvm,low_expansion_high_yield,uniform_half,10000.0,4.792706898344728e-05,0.00040685919502056635,1.519158622617941e-14,0.006392386776347337,False
Continuous,medium,fvm,low_expansion_high_yield,uniform_full,10000.0,7.284055686377437e-05,0.0009261364168306959,1.9740573318404968e-14,0.014206300959204164,False
Continuous,medium,fvm,low_expansion_high_yield,hemisphere_0,10000.0,0.0020805817917517715,0.0006723379908348493,1.7742066693951944e-14,0.011506373421472897,False
Continuous,medium,fvm,low_expansion_high_yield,hemisphere_30,10000.0,0.0020713394034352424,0.0006792450629336848,1.726787431292012e-14,0.011540267740982978,False
Continuous,medium,fvm,low_expansion_high_yield,hemisphere_60,10000.0,0.002094508689872292,0.0006762739269306798,1.7654265524549668e-14,0.011526811133100077,False
Continuous,medium,fvm,low_expansion_high_yield,hemisphere_90,10000.0,0.0021114587875440604,0.0006719544104425031,1.7479413728722413e-14,0.011497899262562963,False
Continuous,medium,fvm,high_expansion_low_yield,uniform_half,10000.0,4.488959233251916e-05,0.0005936764163005254,1.8875929589587886e-14,0.009189563938101702,False
Continuous,medium,fvm,high_expansion_low_yield,uniform_full,10000.0,3.3542179697742883e-05,0.00038107216246871685,1.6721543017671482e-14,0.008368387006523592,False
Continuous,medium,fvm,high_expansion_low_yield,hemisphere_0,10000.0,0.009810280189150382,0.0006654012052364865,1.728133512690934e-14,0.01058830851906334,False
Continuous,medium,fvm,high_expansion_low_yield,hemisphere_30,10000.0,0.009889714474397992,0.0006798658695583192,1.7535790265910724e-14,0.010601961911697474,False
Continuous,medium,fvm,high_expansion_low_yield,hemisphere_60,10000.0,0.009920219400265011,0.0006723218451789332,1.764389825206062e-14,0.010605381197886822,False
Continuous,medium,fvm,high_expansion_low_yield,hemisphere_90,10000.0,0.00984476788993844,0.0006680395116502508,1.776980730822109e-14,0.010602227269703468,False
Continuous,medium,elmer,nominal,uniform_half,10000.0,4.3748250042441805e-05,0.00042960169576442285,1.6078083641019023e-14,0.006721039848391749,False
Continuous,medium,elmer,nominal,uniform_full,10000.0,6.0813513087395774e-05,0.0007388463290522318,1.6733449109485588e-14,0.011402361579506632,False
Continuous,medium,elmer,nominal,hemisphere_0,10000.0,0.00413834171800496,0.0006098390704065992,1.633189425856502e-14,0.010140390879155954,False
Continuous,medium,elmer,nominal,hemisphere_30,10000.0,0.004139993943406458,0.0006206848273660737,1.6546485569401068e-14,0.010171460852084443,False
Continuous,medium,elmer,nominal,hemisphere_60,10000.0,0.004165786254817952,0.0006158475360049109,1.6861806647939427e-14,0.010161332399326215,False
Continuous,medium,elmer,nominal,hemisphere_90,10000.0,0.004178441256767119,0.0006105464362665611,1.5934843331227192e-14,0.01016678709110096,False
Continuous,medium,elmer,low_expansion_high_yield,uniform_half,10000.0,4.509687320728316e-05,0.0003469625443282633,1.433664250244482e-14,0.0054652655999220204,False
Continuous,medium,elmer,low_expansion_high_yield,uniform_full,10000.0,7.141446890147054e-05,0.0008974380590303762,2.0137859186729227e-14,0.01377537741434903,False
Continuous,medium,elmer,low_expansion_high_yield,hemisphere_0,10000.0,0.002045716753881527,0.0006276109845909485,1.751922942919146e-14,0.010885796943689574,False
Continuous,medium,elmer,low_expansion_high_yield,hemisphere_30,10000.0,0.002034330032386115,0.0006342426208170629,1.755963942495071e-14,0.010916795767399396,False
Continuous,medium,elmer,low_expansion_high_yield,hemisphere_60,10000.0,0.0020521933379398414,0.0006324009425992998,1.7348316801736608e-14,0.010909084613409626,False
Continuous,medium,elmer,low_expansion_high_yield,hemisphere_90,10000.0,0.0020646138965924464,0.0006278432469607736,1.704632331648665e-14,0.01087277651958683,False
Continuous,medium,elmer,high_expansion_low_yield,uniform_half,10000.0,4.544001666842933e-05,0.0005553612182941402,1.9301552617779822e-14,0.008602205106698044,False
Continuous,medium,elmer,high_expansion_low_yield,uniform_full,10000.0,3.444305235385613e-05,0.00039254589449777436,1.6916982303114627e-14,0.008456065275838977,False
Continuous,medium,elmer,high_expansion_low_yield,hemisphere_0,10000.0,0.009798449222215302,0.0006560263098524742,1.7587904575041264e-14,0.010463318381601885,False
Continuous,medium,elmer,high_expansion_low_yield,hemisphere_30,10000.0,0.009876437471629104,0.0006702910752823031,1.796784451581416e-14,0.010485133249718762,False
Continuous,medium,elmer,high_expansion_low_yield,hemisphere_60,10000.0,0.009907048111776496,0.0006629336624211281,1.8047884101320807e-14,0.010484588414160542,False
Continuous,medium,elmer,high_expansion_low_yield,hemisphere_90,10000.0,0.00983216086201685,0.0006588457540947357,1.8144014367542153e-14,0.010479157117936561,False
Continuous,medium,fvm,nominal,uniform_half,1000000.0,3.448020023279752e-05,0.00036311273173117057,1.183081480908027e-14,0.005583767419674473,False
Continuous,medium,fvm,nominal,uniform_full,1000000.0,4.289518062363988e-05,0.0005332470414145244,1.1687077568185471e-14,0.008005894824094178,False
Continuous,medium,fvm,nominal,hemisphere_0,1000000.0,0.002896118850245965,0.0004689552008128631,1.1779936428809827e-14,0.007507902740158243,False
Continuous,medium,fvm,nominal,hemisphere_30,1000000.0,0.0029141775758314893,0.000476927992354759,1.1859825661119458e-14,0.007523383800566548,False
Continuous,medium,fvm,nominal,hemisphere_60,1000000.0,0.002922051254721318,0.0004735134926917946,1.1938445676742326e-14,0.007529539950594166,False
Continuous,medium,fvm,nominal,hemisphere_90,1000000.0,0.0029089465961684904,0.00047016981755343136,1.1707555162548951e-14,0.007546440698898864,False
Continuous,medium,fvm,low_expansion_high_yield,uniform_half,1000000.0,3.585900119688158e-05,0.0003154016331248719,1.1189227014125076e-14,0.0048959112767938675,False
Continuous,medium,fvm,low_expansion_high_yield,uniform_full,1000000.0,5.342168065747369e-05,0.000672597231501575,1.3923549310177744e-14,0.010064358415181628,False
Continuous,medium,fvm,low_expansion_high_yield,hemisphere_0,1000000.0,0.0014251084370148575,0.0004978883385878341,1.2657388266023344e-14,0.008518891604353257,False
Continuous,medium,fvm,low_expansion_high_yield,hemisphere_30,1000000.0,0.0014197068272972832,0.0005017857363871231,1.2732970410707488e-14,0.008535359047479605,False
Continuous,medium,fvm,low_expansion_high_yield,hemisphere_60,1000000.0,0.0014363500535099312,0.0005002955552381906,1.2493932452243218e-14,0.008540205977698305,False
Continuous,medium,fvm,low_expansion_high_yield,hemisphere_90,1000000.0,0.001447761983471383,0.0004982745777486069,1.238943263747469e-14,0.00852875277016359,False
Continuous,medium,fvm,high_expansion_low_yield,uniform_half,1000000.0,3.369966393976494e-05,0.0004348268269642455,1.3832775275851354e-14,0.006593846771442063,False
Continuous,medium,fvm,high_expansion_low_yield,uniform_full,1000000.0,2.292806029654803e-05,0.0002750475568961879,1.2171235918782127e-14,0.006235537857901177,False
Continuous,medium,fvm,high_expansion_low_yield,hemisphere_0,1000000.0,0.007375273653925869,0.000554543179264681,1.2834950126809226e-14,0.007770331835876103,False
Continuous,medium,fvm,high_expansion_low_yield,hemisphere_30,1000000.0,0.007449890613325441,0.0005673103335197983,1.2688891778040566e-14,0.0077615408099413145,False
Continuous,medium,fvm,high_expansion_low_yield,hemisphere_60,1000000.0,0.007480170739117872,0.0005603944396854814,1.3058022584495789e-14,0.007777857516971941,False
Continuous,medium,fvm,high_expansion_low_yield,hemisphere_90,1000000.0,0.00741200303226448,0.0005582991914554019,1.2813382019602901e-14,0.007793165503577485,False
Continuous,medium,elmer,nominal,uniform_half,1000000.0,3.314887758703039e-05,0.00032542233582378145,1.2057011635319385e-14,0.005020166160218766,False
Continuous,medium,elmer,nominal,uniform_full,1000000.0,4.410000398543092e-05,0.0005348063966825491,1.1846157641165337e-14,0.008026491790582653,False
Continuous,medium,elmer,nominal,hemisphere_0,1000000.0,0.002861744434310508,0.0004512463033540756,1.1498148878227512e-14,0.007337678854592819,False
Continuous,medium,elmer,nominal,hemisphere_30,1000000.0,0.002872751680011905,0.000459160138103437,1.167499244185861e-14,0.007356408416702702,False
Continuous,medium,elmer,nominal,hemisphere_60,1000000.0,0.002883810888780725,0.0004559093517949504,1.1809111562311173e-14,0.007364767776468262,False
Continuous,medium,elmer,nominal,hemisphere_90,1000000.0,0.0028924941878326923,0.0004525972825571923,1.1541107720931998e-14,0.007378343270199607,False
Continuous,medium,elmer,low_expansion_high_yield,uniform_half,1000000.0,3.324583253733081e-05,0.00027399658636915227,1.0947977098122746e-14,0.004269807944490991,False
Continuous,medium,elmer,low_expansion_high_yield,uniform_full,1000000.0,5.2365424957451374e-05,0.0006520187847169157,1.4125382105907535e-14,0.009766981903477811,False
Continuous,medium,elmer,low_expansion_high_yield,hemisphere_0,1000000.0,0.0014004678169819524,0.00046673396985527806,1.2701552771579663e-14,0.008115861024808694,False
Continuous,medium,elmer,low_expansion_high_yield,hemisphere_30,1000000.0,0.0013939338574524942,0.0004703529451709494,1.2543651447428241e-14,0.008129078286780332,False
Continuous,medium,elmer,low_expansion_high_yield,hemisphere_60,1000000.0,0.0014069395455362048,0.00046950885032737464,1.2763520304342572e-14,0.008133968779382184,False
Continuous,medium,elmer,low_expansion_high_yield,hemisphere_90,1000000.0,0.0014149240911870663,0.0004671968453972666,1.2557595240419011e-14,0.008115073739293717,False
Continuous,medium,elmer,high_expansion_low_yield,uniform_half,1000000.0,3.396165444326862e-05,0.0004080966310124576,1.3285208628655785e-14,0.00619540701077981,False
Continuous,medium,elmer,high_expansion_low_yield,uniform_full,1000000.0,2.3577908250034794e-05,0.0002830851262373155,1.2311982993656752e-14,0.006286901916420379,False
Continuous,medium,elmer,high_expansion_low_yield,hemisphere_0,1000000.0,0.007363717417866737,0.0005485207484802421,1.2895209325808564e-14,0.007689034258491391,False
Continuous,medium,elmer,high_expansion_low_yield,hemisphere_30,1000000.0,0.007437324319352136,0.0005609744332754351,1.2660084362901409e-14,0.0076850126067325355,False
Continuous,medium,elmer,high_expansion_low_yield,hemisphere_60,1000000.0,0.007467659658278484,0.0005543166059270245,1.286103676384911e-14,0.007700554581407819,False
Continuous,medium,elmer,high_expansion_low_yield,hemisphere_90,1000000.0,0.007399847451542881,0.0005524612271595633,1.2859570138410415e-14,0.0077145809797483774,False
6P-FAIR_B,coarse,fvm,nominal,uniform_half,10000.0,7.606627066175404e-05,0.0001796877630663424,1.0453633101411359e-14,0.008325923478161502,False
6P-FAIR_B,coarse,fvm,nominal,uniform_full,10000.0,7.533426873956163e-05,0.00028293038092150075,7.002744460707122e-15,0.012344232991270257,False
6P-FAIR_B,coarse,fvm,nominal,hemisphere_0,10000.0,0.004471302780381864,0.0002643285635211627,9.117003083747643e-15,0.012139204352791871,False
6P-FAIR_B,coarse,fvm,nominal,hemisphere_30,10000.0,0.00422471663743457,0.00023517819058735778,8.090984832371852e-15,0.012198690998400541,False
6P-FAIR_B,coarse,fvm,nominal,hemisphere_60,10000.0,0.004503243147876603,0.0002626553297120141,8.94656705344543e-15,0.012249936983089155,False
6P-FAIR_B,coarse,fvm,nominal,hemisphere_90,10000.0,0.00429548660746938,0.00023166455613929244,8.166384570588784e-15,0.01197287910094158,False
6P-FAIR_B,coarse,fvm,low_expansion_high_yield,uniform_half,10000.0,5.923958785853698e-05,0.00014449176040451668,8.998895756011666e-15,0.007688759557904409,False
6P-FAIR_B,coarse,fvm,low_expansion_high_yield,uniform_full,10000.0,6.353424969113327e-05,0.00035643583483914936,9.454137334968533e-15,0.012618303271183209,False
6P-FAIR_B,coarse,fvm,low_expansion_high_yield,hemisphere_0,10000.0,0.0022480147620426694,0.00026093621324057247,9.359044103276243e-15,0.012592632987830178,False
6P-FAIR_B,coarse,fvm,low_expansion_high_yield,hemisphere_30,10000.0,0.0021294441097824465,0.0002517333559939345,8.922154074152176e-15,0.012614422287118066,False
6P-FAIR_B,coarse,fvm,low_expansion_high_yield,hemisphere_60,10000.0,0.002282843276185955,0.00025661456099515724,9.379147781763998e-15,0.012633877800192643,False
6P-FAIR_B,coarse,fvm,low_expansion_high_yield,hemisphere_90,10000.0,0.0022032392551051866,0.0002497572880957903,9.105645804551317e-15,0.012349262042506389,False
6P-FAIR_B,coarse,fvm,high_expansion_low_yield,uniform_half,10000.0,4.168291604869383e-05,0.00022625889993343906,1.0755140730439047e-14,0.008409320726742239,False
6P-FAIR_B,coarse,fvm,high_expansion_low_yield,uniform_full,10000.0,5.820938310784629e-05,0.00016417607586669642,6.0298151353721174e-15,0.011566949070592476,False
6P-FAIR_B,coarse,fvm,high_expansion_low_yield,hemisphere_0,10000.0,0.009537550897112938,0.0003770621923792146,1.017662030965793e-14,0.012042533292994016,False
6P-FAIR_B,coarse,fvm,high_expansion_low_yield,hemisphere_30,10000.0,0.008794577586362425,0.00021908774441932647,8.513942190803425e-15,0.011911536309065076,False
6P-FAIR_B,coarse,fvm,high_expansion_low_yield,hemisphere_60,10000.0,0.009622720243450192,0.00037806631233124716,1.0645710939159178e-14,0.01215408038261861,False
6P-FAIR_B,coarse,fvm,high_expansion_low_yield,hemisphere_90,10000.0,0.008838453509222471,0.00021971014058859526,9.153811465078487e-15,0.01182971722072757,False
6P-FAIR_B,coarse,elmer,nominal,uniform_half,10000.0,6.197204684805268e-05,0.00015587308960220953,1.0021383507704153e-14,0.0076616018841606185,False
6P-FAIR_B,coarse,elmer,nominal,uniform_full,10000.0,7.430947696114907e-05,0.0002845220515039065,7.251901099586586e-15,0.01226763077587863,False
6P-FAIR_B,coarse,elmer,nominal,hemisphere_0,10000.0,0.004431565925012737,0.0002537994130511292,8.918782812843278e-15,0.012051506153697732,False
6P-FAIR_B,coarse,elmer,nominal,hemisphere_30,10000.0,0.004190475157409937,0.00022376166468692115,8.219384524955931e-15,0.0121091711841969,False
6P-FAIR_B,coarse,elmer,nominal,hemisphere_60,10000.0,0.00446258344552217,0.00025231607192399604,8.881110577076205e-15,0.012158819827582462,False
6P-FAIR_B,coarse,elmer,nominal,hemisphere_90,10000.0,0.004257226116528437,0.00022104086447269664,8.206889096177577e-15,0.011889335954999448,False
6P-FAIR_B,coarse,elmer,low_expansion_high_yield,uniform_half,10000.0,5.0304228624823925e-05,0.00012041859582784632,8.219466802424345e-15,0.006725638737585111,False
6P-FAIR_B,coarse,elmer,low_expansion_high_yield,uniform_full,10000.0,5.654561660393442e-05,0.0003443030348774881,9.851500363083542e-15,0.01237718047790481,False
6P-FAIR_B,coarse,elmer,low_expansion_high_yield,hemisphere_0,10000.0,0.0021720699491280812,0.00024266036603177283,9.252521838238823e-15,0.012374480131586731,False
6P-FAIR_B,coarse,elmer,low_expansion_high_yield,hemisphere_30,10000.0,0.0020577150325752666,0.00023274962068422445,8.873950618778584e-15,0.012394165319011758,False
6P-FAIR_B,coarse,elmer,low_expansion_high_yield,hemisphere_60,10000.0,0.0022004547424449876,0.0002381616759701401,9.160174621614209e-15,0.012412188857063359,False
6P-FAIR_B,coarse,elmer,low_expansion_high_yield,hemisphere_90,10000.0,0.0021192650170005394,0.00023222975819633295,8.913153970868503e-15,0.012104155428875704,False
6P-FAIR_B,coarse,elmer,high_expansion_low_yield,uniform_half,10000.0,4.2425987918210225e-05,0.0002097487061981912,1.1211102629302217e-14,0.00808258063505254,False
6P-FAIR_B,coarse,elmer,high_expansion_low_yield,uniform_full,10000.0,5.516181963342338e-05,0.0001684128014940751,6.040000734998407e-15,0.011517358523272367,False
6P-FAIR_B,coarse,elmer,high_expansion_low_yield,hemisphere_0,10000.0,0.009542283185721511,0.0003743973680217252,1.0375730537031852e-14,0.01200105597949531,False
6P-FAIR_B,coarse,elmer,high_expansion_low_yield,hemisphere_30,10000.0,0.008799548434027901,0.00021421710277651527,8.718516009762936e-15,0.011866084467734739,False
6P-FAIR_B,coarse,elmer,high_expansion_low_yield,hemisphere_60,10000.0,0.00962539435159858,0.0003757637472590702,1.054159003783515e-14,0.012107794049102057,False
6P-FAIR_B,coarse,elmer,high_expansion_low_yield,hemisphere_90,10000.0,0.008841574743752086,0.00021474507234409547,8.977309533721827e-15,0.011784149852347945,False
6P-FAIR_B,coarse,fvm,nominal,uniform_half,1000000.0,9.237289901237237e-05,0.00022024782467557058,1.2851607712223939e-14,0.005499240464321077,False
6P-FAIR_B,coarse,fvm,nominal,uniform_full,1000000.0,8.939574937733308e-05,0.0003463298083340076,8.812256379542123e-15,0.00923501603365405,False
6P-FAIR_B,coarse,fvm,nominal,hemisphere_0,1000000.0,0.004090555875263715,0.0003248199472649059,1.0639078913163008e-14,0.008854649547801073,False
6P-FAIR_B,coarse,fvm,nominal,hemisphere_30,1000000.0,0.004116495401976497,0.0002911245865111361,9.832938749626381e-15,0.008846980127307046,False
6P-FAIR_B,coarse,fvm,nominal,hemisphere_60,1000000.0,0.004111120028576046,0.00032251561810049684,1.0370035148755365e-14,0.009149758709743584,False
6P-FAIR_B,coarse,fvm,nominal,hemisphere_90,1000000.0,0.0042204055651078615,0.00028520651641152187,9.718518343993026e-15,0.009134146950097627,False
6P-FAIR_B,coarse,fvm,low_expansion_high_yield,uniform_half,1000000.0,6.637394939252679e-05,0.00018038329282766546,1.19479153151555e-14,0.005129404084607954,False
6P-FAIR_B,coarse,fvm,low_expansion_high_yield,uniform_full,1000000.0,8.191456284293926e-05,0.0004339324562432514,1.2834787165993568e-14,0.008443044531445964,False
6P-FAIR_B,coarse,fvm,low_expansion_high_yield,hemisphere_0,1000000.0,0.0021110187634081016,0.0003208948659311032,1.1990157838327427e-14,0.007891540783417647,False
6P-FAIR_B,coarse,fvm,low_expansion_high_yield,hemisphere_30,1000000.0,0.002142282736078073,0.00031222491850536595,1.1309341564005223e-14,0.007900620507495381,False
6P-FAIR_B,coarse,fvm,low_expansion_high_yield,hemisphere_60,1000000.0,0.0021743568015867064,0.00031563242968490576,1.1992399902199776e-14,0.00789151619908208,False
6P-FAIR_B,coarse,fvm,low_expansion_high_yield,hemisphere_90,1000000.0,0.002238769577748221,0.0003081195850267509,1.1816313059736508e-14,0.007879618110969504,False
6P-FAIR_B,coarse,fvm,high_expansion_low_yield,uniform_half,1000000.0,6.328097358080247e-05,0.0002745240227289083,1.4218718662237836e-14,0.005480766565134893,False
6P-FAIR_B,coarse,fvm,high_expansion_low_yield,uniform_full,1000000.0,8.74960149662234e-05,0.00019659693558412742,6.568728722832151e-15,0.01058405813830722,False
6P-FAIR_B,coarse,fvm,high_expansion_low_yield,hemisphere_0,1000000.0,0.009087544979242822,0.0004466900186650698,1.0275275767834457e-14,0.010564543956203706,False
6P-FAIR_B,coarse,fvm,high_expansion_low_yield,hemisphere_30,1000000.0,0.008956512407826335,0.0002424656727018006,9.030598830802355e-15,0.010523949038474454,False
6P-FAIR_B,coarse,fvm,high_expansion_low_yield,hemisphere_60,1000000.0,0.00921766013056469,0.0004481456101372241,1.053784193990844e-14,0.010549738097570717,False
6P-FAIR_B,coarse,fvm,high_expansion_low_yield,hemisphere_90,1000000.0,0.009028478030392965,0.00023982550487859923,9.498862235929383e-15,0.010496353039157313,False
6P-FAIR_B,coarse,elmer,nominal,uniform_half,1000000.0,7.308857501784352e-05,0.00019238002171075247,1.2764080827859639e-14,0.005090537696989127,False
6P-FAIR_B,coarse,elmer,nominal,uniform_full,1000000.0,8.78582143124967e-05,0.00034815264906900184,8.850618366212427e-15,0.009115857917450157,False
6P-FAIR_B,coarse,elmer,nominal,hemisphere_0,1000000.0,0.004087727468415832,0.000312140670884049,1.0402340470212915e-14,0.008704926272526656,False
6P-FAIR_B,coarse,elmer,nominal,hemisphere_30,1000000.0,0.004113720446532496,0.0002778599862851817,9.894436811263568e-15,0.008700420417112772,False
6P-FAIR_B,coarse,elmer,nominal,hemisphere_60,1000000.0,0.004109042399409398,0.0003101454100933359,1.047640398199292e-14,0.009030112330763071,False
6P-FAIR_B,coarse,elmer,nominal,hemisphere_90,1000000.0,0.004211459275745239,0.0002727640022525048,9.975641385729929e-15,0.00901851232661299,False
6P-FAIR_B,coarse,elmer,low_expansion_high_yield,uniform_half,1000000.0,5.4047401183366265e-05,0.00015165503849047296,1.1228903336866842e-14,0.004535163859870398,False
6P-FAIR_B,coarse,elmer,low_expansion_high_yield,uniform_full,1000000.0,7.793812322735952e-05,0.0004190048459792039,1.2693910912587167e-14,0.0081558041227001,False
6P-FAIR_B,coarse,elmer,low_expansion_high_yield,hemisphere_0,1000000.0,0.0020524234217069674,0.0002984521756624385,1.2020899311484296e-14,0.007717264194682903,False
6P-FAIR_B,coarse,elmer,low_expansion_high_yield,hemisphere_30,1000000.0,0.002081452210963334,0.00028922867066610397,1.1464361625259045e-14,0.007726418160026004,False
6P-FAIR_B,coarse,elmer,low_expansion_high_yield,hemisphere_60,1000000.0,0.002107535051378078,0.0002931064252121379,1.2112793729194733e-14,0.007718823636830879,False
6P-FAIR_B,coarse,elmer,low_expansion_high_yield,hemisphere_90,1000000.0,0.0021647161722093836,0.0002866791034009809,1.1194407598296696e-14,0.007708731890948507,False
6P-FAIR_B,coarse,elmer,high_expansion_low_yield,uniform_half,1000000.0,6.196145609875124e-05,0.000255450249825439,1.4134959372871035e-14,0.005243353935514599,False
6P-FAIR_B,coarse,elmer,high_expansion_low_yield,uniform_full,1000000.0,8.422570821076961e-05,0.00020185103727543753,6.987721393988131e-15,0.010518740739651084,False
6P-FAIR_B,coarse,elmer,high_expansion_low_yield,hemisphere_0,1000000.0,0.009072594483429378,0.00044326080404393534,1.0644874556808881e-14,0.01050320688401167,False
6P-FAIR_B,coarse,elmer,high_expansion_low_yield,hemisphere_30,1000000.0,0.00894206874310934,0.00023660453137000056,9.455195041528619e-15,0.010464357566032348,False
6P-FAIR_B,coarse,elmer,high_expansion_low_yield,hemisphere_60,1000000.0,0.009200007053870267,0.0004452802750483274,1.0517383435470321e-14,0.01049174681173796,False
6P-FAIR_B,coarse,elmer,high_expansion_low_yield,hemisphere_90,1000000.0,0.009011476027150064,0.00023390323170595668,9.64884710991373e-15,0.010440752435260303,False
6P-FAIR_B,medium,fvm,nominal,uniform_half,10000.0,2.013396952615124e-05,0.00022777968507007798,1.7225171414390528e-14,0.00823166621444262,False
6P-FAIR_B,medium,fvm,nominal,uniform_full,10000.0,3.4181520037379746e-05,0.00034042079087099177,1.2756261047071968e-14,0.012184905750294042,False
6P-FAIR_B,medium,fvm,nominal,hemisphere_0,10000.0,0.004401980448307829,0.00030832836926565394,1.535841517220837e-14,0.012158553027614682,False
6P-FAIR_B,medium,fvm,nominal,hemisphere_30,10000.0,0.004188403026285835,0.00028415531704670174,1.4218606448663602e-14,0.012194700993672904,False
6P-FAIR_B,medium,fvm,nominal,hemisphere_60,10000.0,0.004421522031641457,0.0003091736014490514,1.5355174473282314e-14,0.01224054151111437,False
6P-FAIR_B,medium,fvm,nominal,hemisphere_90,10000.0,0.004177873633030548,0.000285117171186003,1.4582277354020705e-14,0.012190322054122604,False
6P-FAIR_B,medium,fvm,low_expansion_high_yield,uniform_half,10000.0,2.0151613065371747e-05,0.00018761329993501052,1.5436272600227057e-14,0.007768102257038301,False
6P-FAIR_B,medium,fvm,low_expansion_high_yield,uniform_full,10000.0,3.717861209124858e-05,0.0004325629876041458,1.7733424583730592e-14,0.012428176906865868,False
6P-FAIR_B,medium,fvm,low_expansion_high_yield,hemisphere_0,10000.0,0.0021712993586238943,0.0003148594875577351,1.6632841359252646e-14,0.012425679433046817,False
6P-FAIR_B,medium,fvm,low_expansion_high_yield,hemisphere_30,10000.0,0.0020947915840105213,0.00030885159152243684,1.6003961362802092e-14,0.012442910154446702,False
6P-FAIR_B,medium,fvm,low_expansion_high_yield,hemisphere_60,10000.0,0.0022072057252486284,0.0003152259438201541,1.6833551381091692e-14,0.012459159510050952,False
6P-FAIR_B,medium,fvm,low_expansion_high_yield,hemisphere_90,10000.0,0.0021006737617301225,0.0003111896713844927,1.639958483280923e-14,0.012390120575851447,False
6P-FAIR_B,medium,fvm,high_expansion_low_yield,uniform_half,10000.0,2.8850392012860375e-05,0.0002773513071708268,1.9085425838764405e-14,0.008170995836156845,False
6P-FAIR_B,medium,fvm,high_expansion_low_yield,uniform_full,10000.0,7.814610251138665e-05,0.00019437604444174104,9.509366185819529e-15,0.011790654629275607,False
6P-FAIR_B,medium,fvm,high_expansion_low_yield,hemisphere_0,10000.0,0.009594804978210246,0.0004018467192020134,1.5883319984280198e-14,0.012105689041374924,False
6P-FAIR_B,medium,fvm,high_expansion_low_yield,hemisphere_30,10000.0,0.008857061776437183,0.0002627264129776424,1.4357684541648333e-14,0.012030162114916504,False
6P-FAIR_B,medium,fvm,high_expansion_low_yield,hemisphere_60,10000.0,0.009646707035319182,0.0004116680715554307,1.597645093577231e-14,0.012212921799859435,False
6P-FAIR_B,medium,fvm,high_expansion_low_yield,hemisphere_90,10000.0,0.008852443201975854,0.00025857757701290606,1.3896766286115685e-14,0.012082283780902535,False
6P-FAIR_B,medium,elmer,nominal,uniform_half,10000.0,1.3238297281554497e-05,0.00020123858404149172,1.656000589864494e-14,0.007657042865402446,False
6P-FAIR_B,medium,elmer,nominal,uniform_full,10000.0,3.208471421462161e-05,0.00034199341711277186,1.299748904581973e-14,0.012088944750881405,False
6P-FAIR_B,medium,elmer,nominal,hemisphere_0,10000.0,0.004344676527871957,0.0002964810058036948,1.5423374355568603e-14,0.01205881083839749,False
6P-FAIR_B,medium,elmer,nominal,hemisphere_30,10000.0,0.004138926721851398,0.0002718446881510784,1.4487755624514058e-14,0.012100113281975139,False
6P-FAIR_B,medium,elmer,nominal,hemisphere_60,10000.0,0.004363600637102011,0.0002971903528064325,1.5261587377923097e-14,0.012144322729293696,False
6P-FAIR_B,medium,elmer,nominal,hemisphere_90,10000.0,0.0041286373768867814,0.0002726745794682934,1.4299718525067267e-14,0.012095324267872286,False
6P-FAIR_B,medium,elmer,low_expansion_high_yield,uniform_half,10000.0,1.7487448311335074e-05,0.00015893592595866426,1.4618244069360367e-14,0.006965670352368591,False
6P-FAIR_B,medium,elmer,low_expansion_high_yield,uniform_full,10000.0,3.2634805313655435e-05,0.0004180123230854148,1.8048835887757214e-14,0.012151578345704076,False
6P-FAIR_B,medium,elmer,low_expansion_high_yield,hemisphere_0,10000.0,0.002117231874759578,0.00029370347265767816,1.694496133450587e-14,0.012119722582324398,False
6P-FAIR_B,medium,elmer,low_expansion_high_yield,hemisphere_30,10000.0,0.00203830187475763,0.0002883653259777701,1.5939056467446616e-14,0.01213543623703232,False
6P-FAIR_B,medium,elmer,low_expansion_high_yield,hemisphere_60,10000.0,0.002149173351511113,0.0002948795404870672,1.653428073520091e-14,0.01215032590205046,False
6P-FAIR_B,medium,elmer,low_expansion_high_yield,hemisphere_90,10000.0,0.0020455043350661142,0.0002900396826864835,1.5623266271777008e-14,0.012101970165305613,False
6P-FAIR_B,medium,elmer,high_expansion_low_yield,uniform_half,10000.0,2.3420340626801873e-05,0.00026041375210842136,1.8320533637898193e-14,0.007931026854573486,False
6P-FAIR_B,medium,elmer,high_expansion_low_yield,uniform_full,10000.0,7.616253574837765e-05,0.00019931946646193447,9.63405670270473e-15,0.011736652551024006,False
6P-FAIR_B,medium,elmer,high_expansion_low_yield,hemisphere_0,10000.0,0.009577042411196938,0.0003987924811878448,1.6502683626757517e-14,0.012048117656750706,False
6P-FAIR_B,medium,elmer,high_expansion_low_yield,hemisphere_30,10000.0,0.008842825953240967,0.0002572256504534391,1.4280727843496025e-14,0.0119732905557601,False
6P-FAIR_B,medium,elmer,high_expansion_low_yield,hemisphere_60,10000.0,0.009629346498115723,0.0004078364617812031,1.6485367866663223e-14,0.012154935546088924,False
6P-FAIR_B,medium,elmer,high_expansion_low_yield,hemisphere_90,10000.0,0.008837665721167783,0.0002535083496538023,1.4206852657334253e-14,0.012030020261676495,False
6P-FAIR_B,medium,fvm,nominal,uniform_half,1000000.0,2.3437438249840734e-05,0.00025940240715965576,2.0515531031560498e-14,0.005237189852410706,False
6P-FAIR_B,medium,fvm,nominal,uniform_full,1000000.0,2.640285726726981e-05,0.00039764315537619643,1.5886588358297062e-14,0.009470794693761655,False
6P-FAIR_B,medium,fvm,nominal,hemisphere_0,1000000.0,0.004078039043574547,0.000360631925551108,1.829234175721259e-14,0.009583103262649752,False
6P-FAIR_B,medium,fvm,nominal,hemisphere_30,1000000.0,0.004140282411904065,0.0003284644217312337,1.7837320092210197e-14,0.009516974302952242,False
6P-FAIR_B,medium,fvm,nominal,hemisphere_60,1000000.0,0.004105343385823132,0.00036005734675555314,1.8371847649848667e-14,0.009519827753476994,False
6P-FAIR_B,medium,fvm,nominal,hemisphere_90,1000000.0,0.004151481307475784,0.0003293584810253558,1.684438664319839e-14,0.009511751406053974,False
6P-FAIR_B,medium,fvm,low_expansion_high_yield,uniform_half,1000000.0,1.9005643509888305e-05,0.00021560619116637098,1.933933793337476e-14,0.004916473999663931,False
6P-FAIR_B,medium,fvm,low_expansion_high_yield,uniform_full,1000000.0,3.591232800023043e-05,0.0004993316938151647,2.260855821477792e-14,0.009605998296022898,False
6P-FAIR_B,medium,fvm,low_expansion_high_yield,hemisphere_0,1000000.0,0.0020883284692868645,0.0003647479674899687,2.1009894518204414e-14,0.008087464754569179,False
6P-FAIR_B,medium,fvm,low_expansion_high_yield,hemisphere_30,1000000.0,0.0021416596796747264,0.0003563368759514757,2.009920893311197e-14,0.00800115963810443,False
6P-FAIR_B,medium,fvm,low_expansion_high_yield,hemisphere_60,1000000.0,0.002125100342869829,0.00036414921982968443,2.054417897114813e-14,0.007989687986167967,False
6P-FAIR_B,medium,fvm,low_expansion_high_yield,hemisphere_90,1000000.0,0.0021498608673302774,0.0003590607013733641,2.031378453736966e-14,0.00793154127424412,False
6P-FAIR_B,medium,fvm,high_expansion_low_yield,uniform_half,1000000.0,3.0407034388464605e-05,0.00031677349872546475,2.3055933052486635e-14,0.0062469753771641915,False
6P-FAIR_B,medium,fvm,high_expansion_low_yield,uniform_full,1000000.0,7.326636874216298e-05,0.00022737960720133846,1.1645692275972796e-14,0.01014464261206718,False
6P-FAIR_B,medium,fvm,high_expansion_low_yield,hemisphere_0,1000000.0,0.009161129445545162,0.00046743016164250934,1.7607335552315245e-14,0.010353377541288263,False
6P-FAIR_B,medium,fvm,high_expansion_low_yield,hemisphere_30,1000000.0,0.0090057321546231,0.0002803830334190074,1.6018836158597038e-14,0.010660947814716264,False
6P-FAIR_B,medium,fvm,high_expansion_low_yield,hemisphere_60,1000000.0,0.009215626191666626,0.000477949725688229,1.7311169042726643e-14,0.010722583800877568,False
6P-FAIR_B,medium,fvm,high_expansion_low_yield,hemisphere_90,1000000.0,0.008988885179563795,0.0002760212623716488,1.6199642720521498e-14,0.010269682726668575,False
6P-FAIR_B,medium,elmer,nominal,uniform_half,1000000.0,1.6987085298799015e-05,0.00023009151532279998,2.036866400950884e-14,0.004770424571006581,False
6P-FAIR_B,medium,elmer,nominal,uniform_full,1000000.0,2.4342667307109003e-05,0.00039910586946537147,1.666368355139264e-14,0.00937571621067743,False
6P-FAIR_B,medium,elmer,nominal,hemisphere_0,1000000.0,0.004061631304781955,0.00034725856050393117,1.8286523015334492e-14,0.009471875271716865,False
6P-FAIR_B,medium,elmer,nominal,hemisphere_30,1000000.0,0.0041228286498942,0.0003147602348065608,1.720050184640092e-14,0.009398008945157047,False
6P-FAIR_B,medium,elmer,nominal,hemisphere_60,1000000.0,0.004087617686110937,0.0003465971674640607,1.7992344567659876e-14,0.009398780886203115,False
6P-FAIR_B,medium,elmer,nominal,hemisphere_90,1000000.0,0.004129254088568463,0.000315677570163518,1.6868852611547844e-14,0.009403353660610434,False
6P-FAIR_B,medium,elmer,low_expansion_high_yield,uniform_half,1000000.0,1.6875332464974544e-05,0.000183972450469109,1.861222103824029e-14,0.00439996631469683,False
6P-FAIR_B,medium,elmer,low_expansion_high_yield,uniform_full,1000000.0,3.3294729553023e-05,0.00048220949398103635,2.2105650481890032e-14,0.009298200470368617,False
6P-FAIR_B,medium,elmer,low_expansion_high_yield,hemisphere_0,1000000.0,0.002042617501318346,0.0003407999680976629,2.07434670182778e-14,0.007565517751125597,False
6P-FAIR_B,medium,elmer,low_expansion_high_yield,hemisphere_30,1000000.0,0.0020886528819312514,0.00033322164788908887,2.0363768084596425e-14,0.007480376026156505,False
6P-FAIR_B,medium,elmer,low_expansion_high_yield,hemisphere_60,1000000.0,0.002074497816476961,0.0003411447552463591,2.0509387921660223e-14,0.007499884041340305,False
6P-FAIR_B,medium,elmer,low_expansion_high_yield,hemisphere_90,1000000.0,0.00209689217598749,0.00033528494864795504,2.030567529453166e-14,0.007464965435324783,False
6P-FAIR_B,medium,elmer,high_expansion_low_yield,uniform_half,1000000.0,2.422683133521158e-05,0.0002975745909829834,2.354128245507861e-14,0.005879581135175211,False
6P-FAIR_B,medium,elmer,high_expansion_low_yield,uniform_full,1000000.0,7.044054231969803e-05,0.00023285950675393892,1.1795748222575197e-14,0.010058105567812302,False
6P-FAIR_B,medium,elmer,high_expansion_low_yield,hemisphere_0,1000000.0,0.009129205044263615,0.0004638307502139129,1.756885689596819e-14,0.010266588494027104,False
6P-FAIR_B,medium,elmer,high_expansion_low_yield,hemisphere_30,1000000.0,0.008977607492548176,0.00027371865952666093,1.6101922688217236e-14,0.010572248738318545,False
6P-FAIR_B,medium,elmer,high_expansion_low_yield,hemisphere_60,1000000.0,0.009183936256128405,0.0004735815752462619,1.7493408622314532e-14,0.010632288934663607,False
6P-FAIR_B,medium,elmer,high_expansion_low_yield,hemisphere_90,1000000.0,0.00896018622184163,0.0002698826276671416,1.5938475137613768e-14,0.010158851719134734,False
8P-FAIR_B,coarse,fvm,nominal,uniform_half,10000.0,3.378377836416036e-05,0.0002302170396620281,1.0116950521989908e-14,0.008246312285729734,False
8P-FAIR_B,coarse,fvm,nominal,uniform_full,10000.0,8.443009101730272e-05,0.0003513166023722647,7.128946537890557e-15,0.012217574753186697,False
8P-FAIR_B,coarse,fvm,nominal,hemisphere_0,10000.0,0.00442750720743568,0.00029658962143828575,8.217732058051648e-15,0.012146027820049055,False
8P-FAIR_B,coarse,fvm,nominal,hemisphere_30,10000.0,0.004485840413969486,0.0003190102284540341,8.523595961557782e-15,0.012196396917217772,False
8P-FAIR_B,coarse,fvm,nominal,hemisphere_60,10000.0,0.0044419168768039235,0.00032180212453597907,8.892101057075787e-15,0.01225851462161507,False
8P-FAIR_B,coarse,fvm,nominal,hemisphere_90,10000.0,0.004330457121544288,0.0002977106128214369,8.024782101228244e-15,0.012276933251274224,False
8P-FAIR_B,coarse,fvm,low_expansion_high_yield,uniform_half,10000.0,2.1496911660951018e-05,0.00018341775781555438,8.518959029759286e-15,0.007298038589959542,False
8P-FAIR_B,coarse,fvm,low_expansion_high_yield,uniform_full,10000.0,6.805336831181916e-05,0.0004521482739570778,9.105387469687214e-15,0.012608999123749527,False
8P-FAIR_B,coarse,fvm,low_expansion_high_yield,hemisphere_0,10000.0,0.002220116667720588,0.0003196931541900525,8.929969156627181e-15,0.012609198549980037,False
8P-FAIR_B,coarse,fvm,low_expansion_high_yield,hemisphere_30,10000.0,0.0022314152635649464,0.00032622937916692473,8.9715686905592e-15,0.012624325714547188,False
8P-FAIR_B,coarse,fvm,low_expansion_high_yield,hemisphere_60,10000.0,0.002211256155520201,0.00032605277147322717,9.076510915712026e-15,0.012650285848051421,False
8P-FAIR_B,coarse,fvm,low_expansion_high_yield,hemisphere_90,10000.0,0.002182217874963047,0.0003214549930573232,8.987333030529061e-15,0.012546162035809764,False
8P-FAIR_B,coarse,fvm,high_expansion_low_yield,uniform_half,10000.0,3.996655487890033e-05,0.0002909249285573018,1.0336745817566133e-14,0.00836359293197854,False
8P-FAIR_B,coarse,fvm,high_expansion_low_yield,uniform_full,10000.0,5.453514514949695e-05,0.0001750879171307446,6.118431612314451e-15,0.011479675513674181,False
8P-FAIR_B,coarse,fvm,high_expansion_low_yield,hemisphere_0,10000.0,0.00919502780436132,0.000314320946115341,8.607166277989829e-15,0.011999990634154942,False
8P-FAIR_B,coarse,fvm,high_expansion_low_yield,hemisphere_30,10000.0,0.009577104618476362,0.00040856250216103076,9.564292527200046e-15,0.012033880517545234,False
8P-FAIR_B,coarse,fvm,high_expansion_low_yield,hemisphere_60,10000.0,0.009561413720037097,0.0004108498543528879,9.657458493930334e-15,0.011881476535133533,False
8P-FAIR_B,coarse,fvm,high_expansion_low_yield,hemisphere_90,10000.0,0.009121677985492717,0.00031534208533283556,8.746066314260165e-15,0.011870197715855214,False
8P-FAIR_B,coarse,elmer,nominal,uniform_half,10000.0,2.634239994925435e-05,0.00019925433023161668,9.362194304626784e-15,0.007431213174291721,False
8P-FAIR_B,coarse,elmer,nominal,uniform_full,10000.0,8.327703575619654e-05,0.00035307819439877566,6.678901943962694e-15,0.012112383806015778,False
8P-FAIR_B,coarse,elmer,nominal,hemisphere_0,10000.0,0.004388038407216303,0.00028201460209363675,8.143081252584284e-15,0.01206769865338374,False
8P-FAIR_B,coarse,elmer,nominal,hemisphere_30,10000.0,0.00444515939411129,0.00030561312167307953,8.590958576579814e-15,0.012116274720327424,False
8P-FAIR_B,coarse,elmer,nominal,hemisphere_60,10000.0,0.004404731615756321,0.00030804278848105434,8.659830935788696e-15,0.012176540758389356,False
8P-FAIR_B,coarse,elmer,nominal,hemisphere_90,10000.0,0.004296882824138223,0.0002833397762293789,7.942611817267517e-15,0.012171669001497463,False
8P-FAIR_B,coarse,elmer,low_expansion_high_yield,uniform_half,10000.0,1.7384552753286222e-05,0.00015215761273452402,8.405440904568978e-15,0.006213456968670631,False
8P-FAIR_B,coarse,elmer,low_expansion_high_yield,uniform_full,10000.0,6.577480115753724e-05,0.0004371777692972937,9.444884310509277e-15,0.012363010939589249,False
8P-FAIR_B,coarse,elmer,low_expansion_high_yield,hemisphere_0,10000.0,0.0021381025577577755,0.0002962331488769232,8.878633565071802e-15,0.012365697540620947,False
8P-FAIR_B,coarse,elmer,low_expansion_high_yield,hemisphere_30,10000.0,0.0021526846698602282,0.00030344279184086584,8.998831049140727e-15,0.012378503639032961,False
8P-FAIR_B,coarse,elmer,low_expansion_high_yield,hemisphere_60,10000.0,0.0021386479161163664,0.0003028211120296774,9.352529510495299e-15,0.012403507611476012,False
8P-FAIR_B,coarse,elmer,low_expansion_high_yield,hemisphere_90,10000.0,0.002111197559790638,0.0002986317092499784,9.20960628426745e-15,0.012302231000091207,False
8P-FAIR_B,coarse,elmer,high_expansion_low_yield,uniform_half,10000.0,3.945044491050866e-05,0.0002680499349547615,1.1043350255841552e-14,0.008043472066053605,False
8P-FAIR_B,coarse,elmer,high_expansion_low_yield,uniform_full,10000.0,5.454752804755464e-05,0.00018157033743858238,6.164791136862452e-15,0.011431874080235363,False
8P-FAIR_B,coarse,elmer,high_expansion_low_yield,hemisphere_0,10000.0,0.009202869872952345,0.0003080317428596816,8.839507092334311e-15,0.011955754989289871,False
8P-FAIR_B,coarse,elmer,high_expansion_low_yield,hemisphere_30,10000.0,0.00958341850721586,0.00040428378725749126,9.628977127776645e-15,0.011981061908724748,False
8P-FAIR_B,coarse,elmer,high_expansion_low_yield,hemisphere_60,10000.0,0.009567503905806648,0.000406764406712396,9.757902211434943e-15,0.011826631434666831,False
8P-FAIR_B,coarse,elmer,high_expansion_low_yield,hemisphere_90,10000.0,0.009128207030991512,0.0003096269229604717,8.657204930042428e-15,0.011806211649282394,False
8P-FAIR_B,coarse,fvm,nominal,uniform_half,1000000.0,3.0083221578704352e-05,0.0002740505430290116,1.2071978428094834e-14,0.0054680305986374135,False
8P-FAIR_B,coarse,fvm,nominal,uniform_full,1000000.0,8.413640187540087e-05,0.0004187190279873965,8.597645339885538e-15,0.008959464475770887,False
8P-FAIR_B,coarse,fvm,nominal,hemisphere_0,1000000.0,0.004258472817761251,0.00034823921496638104,9.205447767143696e-15,0.00905536965482924,False
8P-FAIR_B,coarse,fvm,nominal,hemisphere_30,1000000.0,0.004130945683449554,0.0003785505398089305,9.537234828148331e-15,0.009121755488573944,False
8P-FAIR_B,coarse,fvm,nominal,hemisphere_60,1000000.0,0.004078313223538209,0.00038400981002781077,9.52070312685025e-15,0.009094439400073871,False
8P-FAIR_B,coarse,fvm,nominal,hemisphere_90,1000000.0,0.004159252157609904,0.00035002409404060006,9.235842931316015e-15,0.009027605558320785,False
8P-FAIR_B,coarse,fvm,low_expansion_high_yield,uniform_half,1000000.0,1.7383741279213518e-05,0.00022334085755686332,1.1325094728713214e-14,0.0048271013656088204,False
8P-FAIR_B,coarse,fvm,low_expansion_high_yield,uniform_full,1000000.0,5.930267748511611e-05,0.0005329748224768407,1.1359506627368045e-14,0.009338813616040553,False
8P-FAIR_B,coarse,fvm,low_expansion_high_yield,hemisphere_0,1000000.0,0.0021958223812710473,0.00038023782518893,1.0802055916148283e-14,0.007927934314575764,False
8P-FAIR_B,coarse,fvm,low_expansion_high_yield,hemisphere_30,1000000.0,0.0021237881613837004,0.0003877406275024025,1.076724521792735e-14,0.007933329284635332,False
8P-FAIR_B,coarse,fvm,low_expansion_high_yield,hemisphere_60,1000000.0,0.0020972964196895047,0.0003879247126019195,1.158736556574544e-14,0.007919629047666436,False
8P-FAIR_B,coarse,fvm,low_expansion_high_yield,hemisphere_90,1000000.0,0.002152285531469299,0.0003800742730116707,1.0791069054438031e-14,0.007902154152213752,False
8P-FAIR_B,coarse,fvm,high_expansion_low_yield,uniform_half,1000000.0,4.245077147599087e-05,0.00034129729753187024,1.3495880704254143e-14,0.006104067537860094,False
8P-FAIR_B,coarse,fvm,high_expansion_low_yield,uniform_full,1000000.0,6.063740412494955e-05,0.0002137100085020367,6.984570790905439e-15,0.010234789242002058,False
8P-FAIR_B,coarse,fvm,high_expansion_low_yield,hemisphere_0,1000000.0,0.009223131116282188,0.0003373525580092246,9.052804450757665e-15,0.010650840914195126,False
8P-FAIR_B,coarse,fvm,high_expansion_low_yield,hemisphere_30,1000000.0,0.009227634743943112,0.0004865291598534139,1.0024117336024829e-14,0.01061377478625249,False
8P-FAIR_B,coarse,fvm,high_expansion_low_yield,hemisphere_60,1000000.0,0.009212179417896019,0.0004918658737575383,9.76438993699767e-15,0.010560789551679073,False
8P-FAIR_B,coarse,fvm,high_expansion_low_yield,hemisphere_90,1000000.0,0.009142389914476584,0.0003401517185509797,9.028308000895618e-15,0.010631815723719112,False
8P-FAIR_B,coarse,elmer,nominal,uniform_half,1000000.0,2.2599022486572214e-05,0.00023923433852373208,1.2731069214782023e-14,0.004970500221706885,False
8P-FAIR_B,coarse,elmer,nominal,uniform_full,1000000.0,8.281055731445716e-05,0.00042037685926051883,8.716111310184997e-15,0.008839036080343593,False
8P-FAIR_B,coarse,elmer,nominal,hemisphere_0,1000000.0,0.0042434178288231076,0.0003321849052379935,9.05362759685384e-15,0.008931108800777939,False
8P-FAIR_B,coarse,elmer,nominal,hemisphere_30,1000000.0,0.004119541553555714,0.0003637077458031041,9.880796015286589e-15,0.009007649207056549,False
8P-FAIR_B,coarse,elmer,nominal,hemisphere_60,1000000.0,0.004059515782259206,0.00036847893737974136,9.74189688043086e-15,0.008984307183135287,False
8P-FAIR_B,coarse,elmer,nominal,hemisphere_90,1000000.0,0.0041524639989308915,0.0003333384237051614,9.471625831408597e-15,0.008919215758884052,False
8P-FAIR_B,coarse,elmer,low_expansion_high_yield,uniform_half,1000000.0,1.5752838278281823e-05,0.00018738974621092586,1.0409300450546327e-14,0.004110048407526029,False
8P-FAIR_B,coarse,elmer,low_expansion_high_yield,uniform_full,1000000.0,5.771540202417508e-05,0.0005152344319942613,1.2030728225106451e-14,0.009034301886564695,False
8P-FAIR_B,coarse,elmer,low_expansion_high_yield,hemisphere_0,1000000.0,0.0021252106475709146,0.0003537722780392029,1.0873816201153134e-14,0.007778561513426795,False
8P-FAIR_B,coarse,elmer,low_expansion_high_yield,hemisphere_30,1000000.0,0.0020599539980720883,0.00036162721052174657,1.0965409038508494e-14,0.007783238825518526,False
8P-FAIR_B,coarse,elmer,low_expansion_high_yield,hemisphere_60,1000000.0,0.0020392905777374295,0.00036105926042162827,1.108434668110528e-14,0.007768575867149047,False
8P-FAIR_B,coarse,elmer,low_expansion_high_yield,hemisphere_90,1000000.0,0.0020924296312705886,0.0003533429166905035,1.121967463178512e-14,0.007754716663690801,False
8P-FAIR_B,coarse,elmer,high_expansion_low_yield,uniform_half,1000000.0,3.919777054546684e-05,0.00031595210645406246,1.3502816025106265e-14,0.005647976741604638,False
8P-FAIR_B,coarse,elmer,high_expansion_low_yield,uniform_full,1000000.0,6.315688738618762e-05,0.0002210126785305029,7.0920662554060196e-15,0.01018041641706713,False
8P-FAIR_B,coarse,elmer,high_expansion_low_yield,hemisphere_0,1000000.0,0.009207989524593287,0.000329873216042089,9.068266596097492e-15,0.01059458026153871,False
8P-FAIR_B,coarse,elmer,high_expansion_low_yield,hemisphere_30,1000000.0,0.009211125050005514,0.00048172900708521807,9.809251547455279e-15,0.010554140226423462,False
8P-FAIR_B,coarse,elmer,high_expansion_low_yield,hemisphere_60,1000000.0,0.009196704848482352,0.00048727920957355054,9.856932168037319e-15,0.010490699572999255,False
8P-FAIR_B,coarse,elmer,high_expansion_low_yield,hemisphere_90,1000000.0,0.009128082336509465,0.0003330496416936013,8.899575336073126e-15,0.010555662866182342,False
8P-FAIR_B,medium,fvm,nominal,uniform_half,10000.0,1.5116855486601634e-05,0.0002800971109893102,1.560557074096891e-14,0.008208041996958305,False
8P-FAIR_B,medium,fvm,nominal,uniform_full,10000.0,4.128639569583578e-05,0.00041073800323019894,1.2317279037262555e-14,0.012241725816832,False
8P-FAIR_B,medium,fvm,nominal,hemisphere_0,10000.0,0.004267781791749739,0.0003499557005869592,1.3722247059499338e-14,0.012139837538261181,False
8P-FAIR_B,medium,fvm,nominal,hemisphere_30,10000.0,0.0043489852454931185,0.0003712234505713076,1.448395042429785e-14,0.012184927979520217,False
8P-FAIR_B,medium,fvm,nominal,hemisphere_60,10000.0,0.004366896091320878,0.0003677130575844213,1.4574017242232486e-14,0.012241584314473728,False
8P-FAIR_B,medium,fvm,nominal,hemisphere_90,10000.0,0.004267084988315362,0.0003487058414874804,1.3596492744523387e-14,0.01210855148749259,False
8P-FAIR_B,medium,fvm,low_expansion_high_yield,uniform_half,10000.0,2.0679757364280868e-05,0.0002315163377109065,1.473683661526927e-14,0.007743640722566435,False
8P-FAIR_B,medium,fvm,low_expansion_high_yield,uniform_full,10000.0,4.754062866495232e-05,0.0005268045762210413,1.64567250159265e-14,0.01252168176559762,False
8P-FAIR_B,medium,fvm,low_expansion_high_yield,hemisphere_0,10000.0,0.0021121532656319408,0.00037881053781428723,1.5460884966853607e-14,0.012419735629893802,False
8P-FAIR_B,medium,fvm,low_expansion_high_yield,hemisphere_30,10000.0,0.0021347282682579512,0.0003847005364081601,1.582147254185724e-14,0.012431550009130873,False
8P-FAIR_B,medium,fvm,low_expansion_high_yield,hemisphere_60,10000.0,0.00213269955479013,0.0003830527447909954,1.580667555500772e-14,0.012453489867942561,False
8P-FAIR_B,medium,fvm,low_expansion_high_yield,hemisphere_90,10000.0,0.0020855894634871724,0.0003789725819049075,1.514346453423892e-14,0.012342926089681962,False
8P-FAIR_B,medium,fvm,high_expansion_low_yield,uniform_half,10000.0,2.2107015928136804e-05,0.0003396905475853258,1.7943028809708358e-14,0.00819305124230449,False
8P-FAIR_B,medium,fvm,high_expansion_low_yield,uniform_full,10000.0,4.867663331874478e-05,0.0002099248165698151,9.701015647890767e-15,0.011761186014924513,False
8P-FAIR_B,medium,fvm,high_expansion_low_yield,hemisphere_0,10000.0,0.009134495915296068,0.00035443094400761934,1.3734381113677375e-14,0.012111940982670173,False
8P-FAIR_B,medium,fvm,high_expansion_low_yield,hemisphere_30,10000.0,0.009542576127454572,0.00044181674997878913,1.4794328193646558e-14,0.01214062424441416,False
8P-FAIR_B,medium,fvm,high_expansion_low_yield,hemisphere_60,10000.0,0.009590848950575905,0.0004330078737336082,1.527884544550572e-14,0.01212171516666797,False
8P-FAIR_B,medium,fvm,high_expansion_low_yield,hemisphere_90,10000.0,0.009160359938052667,0.0003452531970555302,1.376209238144722e-14,0.011985100670235314,False
8P-FAIR_B,medium,elmer,nominal,uniform_half,10000.0,1.8632265934767402e-05,0.00024799891960249786,1.5587424636281218e-14,0.007586033169160419,False
8P-FAIR_B,medium,elmer,nominal,uniform_full,10000.0,4.321793137924088e-05,0.0004127092206263025,1.2547669819065398e-14,0.01215188646913349,False
8P-FAIR_B,medium,elmer,nominal,hemisphere_0,10000.0,0.004220085672031826,0.00033462309223390615,1.3896742002178054e-14,0.012046812823255785,False
8P-FAIR_B,medium,elmer,nominal,hemisphere_30,10000.0,0.004297489538418539,0.0003562679372732959,1.430786098034312e-14,0.012089961409915318,False
8P-FAIR_B,medium,elmer,nominal,hemisphere_60,10000.0,0.004312303346079015,0.0003528723813151392,1.444604586237723e-14,0.012144706091286914,False
8P-FAIR_B,medium,elmer,nominal,hemisphere_90,10000.0,0.004212693354132526,0.00033343615636588134,1.3805986095713917e-14,0.012007151525480394,False
8P-FAIR_B,medium,elmer,low_expansion_high_yield,uniform_half,10000.0,1.9092437745179544e-05,0.00019601532988307698,1.3962010793062575e-14,0.00692524700479912,False
8P-FAIR_B,medium,elmer,low_expansion_high_yield,uniform_full,10000.0,4.41425990617234e-05,0.0005100398062767154,1.7372738605981413e-14,0.012211628549402906,False
8P-FAIR_B,medium,elmer,low_expansion_high_yield,hemisphere_0,10000.0,0.002059072469023518,0.0003529175728532061,1.5248930835715827e-14,0.012109681810114913,False
8P-FAIR_B,medium,elmer,low_expansion_high_yield,hemisphere_30,10000.0,0.002084338209018558,0.00035876799231606327,1.5353616318721838e-14,0.012120043206687688,False
8P-FAIR_B,medium,elmer,low_expansion_high_yield,hemisphere_60,10000.0,0.002084101622290006,0.00035726716207923055,1.590044499787571e-14,0.012140399597557321,False
8P-FAIR_B,medium,elmer,low_expansion_high_yield,hemisphere_90,10000.0,0.0020373173180686837,0.00035306175325902986,1.5170948834599985e-14,0.012052886225065932,False
8P-FAIR_B,medium,elmer,high_expansion_low_yield,uniform_half,10000.0,1.9550425003742676e-05,0.0003185686136722234,1.8249897701370552e-14,0.007952595424810877,False
8P-FAIR_B,medium,elmer,high_expansion_low_yield,uniform_full,10000.0,4.837941293845675e-05,0.00021686529779439635,9.753890115399667e-15,0.011709834041351197,False
8P-FAIR_B,medium,elmer,high_expansion_low_yield,hemisphere_0,10000.0,0.009125480696078636,0.0003483166050532394,1.3577275868849663e-14,0.012049632595430612,False
8P-FAIR_B,medium,elmer,high_expansion_low_yield,hemisphere_30,10000.0,0.009530740768463353,0.00043699245186062225,1.5083813718102e-14,0.012077657580961075,False
8P-FAIR_B,medium,elmer,high_expansion_low_yield,hemisphere_60,10000.0,0.009577614325708141,0.0004285849295712458,1.525721458153247e-14,0.012062323503487293,False
8P-FAIR_B,medium,elmer,high_expansion_low_yield,hemisphere_90,10000.0,0.00914734440396938,0.00033977549073716483,1.386360569159248e-14,0.011925010897118692,False
8P-FAIR_B,medium,fvm,nominal,uniform_half,1000000.0,2.043139498203142e-05,0.0003131303337049837,1.8003744383471843e-14,0.005618569202338387,False
8P-FAIR_B,medium,fvm,nominal,uniform_full,1000000.0,4.157831830213109e-05,0.0004721576226701949,1.4356314598465545e-14,0.009555095356679387,False
8P-FAIR_B,medium,fvm,nominal,hemisphere_0,1000000.0,0.004104738428983281,0.00039447083800380465,1.519879006276396e-14,0.00970958368070743,False
8P-FAIR_B,medium,fvm,nominal,hemisphere_30,1000000.0,0.0040014256544074495,0.0004262491977491578,1.6437487504267685e-14,0.009678692030691109,False
8P-FAIR_B,medium,fvm,nominal,hemisphere_60,1000000.0,0.004011534078380538,0.0004229817323449251,1.5936796796517768e-14,0.0094612724201547,False
8P-FAIR_B,medium,fvm,nominal,hemisphere_90,1000000.0,0.00408106603587346,0.00039495038398237815,1.5580496299933916e-14,0.009531606909817192,False
8P-FAIR_B,medium,fvm,low_expansion_high_yield,uniform_half,1000000.0,1.4317694541572586e-05,0.0002611300229082756,1.7478260485457645e-14,0.004899270193897468,False
8P-FAIR_B,medium,fvm,low_expansion_high_yield,uniform_full,1000000.0,4.949072658421819e-05,0.0005979032010025987,1.9155433836358062e-14,0.010272916062255086,False
8P-FAIR_B,medium,fvm,low_expansion_high_yield,hemisphere_0,1000000.0,0.0020991234010687585,0.0004291681328217678,1.804808496166653e-14,0.008434196534904514,False
8P-FAIR_B,medium,fvm,low_expansion_high_yield,hemisphere_30,1000000.0,0.0020379286966673875,0.0004373329431282765,1.804449407215996e-14,0.008463510080030181,False
8P-FAIR_B,medium,fvm,low_expansion_high_yield,hemisphere_60,1000000.0,0.002038584077875371,0.00043583554033622897,1.8026856991976336e-14,0.008473821036298356,False
8P-FAIR_B,medium,fvm,low_expansion_high_yield,hemisphere_90,1000000.0,0.002065939357281976,0.00042985767542499844,1.7593207862611266e-14,0.008432804720312137,False
8P-FAIR_B,medium,fvm,high_expansion_low_yield,uniform_half,1000000.0,2.26832348959033e-05,0.00038107854530462467,1.995882414214282e-14,0.00669740854889124,False
8P-FAIR_B,medium,fvm,high_expansion_low_yield,uniform_full,1000000.0,5.2250484510804276e-05,0.0002455006610843784,1.1171721422431011e-14,0.010193020300936762,False
8P-FAIR_B,medium,fvm,high_expansion_low_yield,hemisphere_0,1000000.0,0.00911410593504395,0.00037462965242005203,1.472482047137779e-14,0.010328550669681474,False
8P-FAIR_B,medium,fvm,high_expansion_low_yield,hemisphere_30,1000000.0,0.00914341363418495,0.0005188188127910523,1.5179637890107044e-14,0.010441717729073055,False
8P-FAIR_B,medium,fvm,high_expansion_low_yield,hemisphere_60,1000000.0,0.009195973549358586,0.000510363643981911,1.5499698594752568e-14,0.010556618574156277,False
8P-FAIR_B,medium,fvm,high_expansion_low_yield,hemisphere_90,1000000.0,0.00912375749936487,0.00036746862898182905,1.4725590975036086e-14,0.01041482333927106,False
8P-FAIR_B,medium,elmer,nominal,uniform_half,1000000.0,1.716765706023113e-05,0.000278178672063736,1.7987831606286502e-14,0.005011687019827468,False
8P-FAIR_B,medium,elmer,nominal,uniform_full,1000000.0,4.3871771165389854e-05,0.00047399029285921456,1.4896522346904006e-14,0.009449322723351057,False
8P-FAIR_B,medium,elmer,nominal,hemisphere_0,1000000.0,0.004085466993439404,0.00037778415508851,1.526969939871107e-14,0.009598407193268066,False
8P-FAIR_B,medium,elmer,nominal,hemisphere_30,1000000.0,0.0039838848272642675,0.0004099391148685227,1.6408868754117595e-14,0.009565562450894247,False
8P-FAIR_B,medium,elmer,nominal,hemisphere_60,1000000.0,0.003992494819024645,0.00040674288786341704,1.5728025070951622e-14,0.00935376924084671,False
8P-FAIR_B,medium,elmer,nominal,hemisphere_90,1000000.0,0.004057020571878678,0.0003783309631942804,1.5278291102133516e-14,0.009422256466501178,False
8P-FAIR_B,medium,elmer,low_expansion_high_yield,uniform_half,1000000.0,1.2540423839183665e-05,0.00022261702763275225,1.6433402927977736e-14,0.004405641807395113,False
8P-FAIR_B,medium,elmer,low_expansion_high_yield,uniform_full,1000000.0,4.642806868025296e-05,0.0005783650849340083,1.9989624684593972e-14,0.00995613627280358,False
8P-FAIR_B,medium,elmer,low_expansion_high_yield,hemisphere_0,1000000.0,0.0020490579595774552,0.000400286969279387,1.7976260035698598e-14,0.007981541776486361,False
8P-FAIR_B,medium,elmer,low_expansion_high_yield,hemisphere_30,1000000.0,0.0019932811912416787,0.00040840286694736447,1.8262213168955198e-14,0.008014831444358555,False
8P-FAIR_B,medium,elmer,low_expansion_high_yield,hemisphere_60,1000000.0,0.001996503737104961,0.00040708099451986716,1.8323353512955e-14,0.008031460494637557,False
8P-FAIR_B,medium,elmer,low_expansion_high_yield,hemisphere_90,1000000.0,0.0020219841217378643,0.00040116883900854334,1.8045026147689237e-14,0.00799075092861919,False
8P-FAIR_B,medium,elmer,high_expansion_low_yield,uniform_half,1000000.0,2.092896730381759e-05,0.0003574951351890227,2.0779989379049526e-14,0.0062940793267791985,False
8P-FAIR_B,medium,elmer,high_expansion_low_yield,uniform_full,1000000.0,5.1855632998145386e-05,0.00025298577406592367,1.1283545318390624e-14,0.010100960413979954,False
8P-FAIR_B,medium,elmer,high_expansion_low_yield,hemisphere_0,1000000.0,0.0090907072787244,0.0003673319526444519,1.4768837099960517e-14,0.010213216725193538,False
8P-FAIR_B,medium,elmer,high_expansion_low_yield,hemisphere_30,1000000.0,0.009117695807048243,0.000513431086800372,1.577932133080967e-14,0.01034474848436427,False
8P-FAIR_B,medium,elmer,high_expansion_low_yield,hemisphere_60,1000000.0,0.00917018455393724,0.0005053375175220222,1.5358180120692957e-14,0.010455388499927836,False
8P-FAIR_B,medium,elmer,high_expansion_low_yield,hemisphere_90,1000000.0,0.009098107560072776,0.0003607475334756922,1.492676408815429e-14,0.010322137621553,False
