thermal_source,material_scenario,restraint_pattern,foundation_n_mm3,a,b,signed_a_minus_b_mm,resolution_scale_mm,order
elmer,high_expansion_low_yield,hemisphere_0,10000.0,Continuous,6P-FAIR_B,0.0002214068110184004,0.0011399627821204001,0
elmer,high_expansion_low_yield,hemisphere_0,1000000.0,Continuous,6P-FAIR_B,-0.0017654876263968992,0.001157397995544999,-1
elmer,high_expansion_low_yield,hemisphere_30,10000.0,Continuous,6P-FAIR_B,0.0010336115183882007,0.0010756526299124996,0
elmer,high_expansion_low_yield,hemisphere_30,1000000.0,Continuous,6P-FAIR_B,-0.001540283173196,0.001071860554248699,-1
elmer,high_expansion_low_yield,hemisphere_60,10000.0,Continuous,6P-FAIR_B,0.00027770161366070037,0.0010329664338637997,0
elmer,high_expansion_low_yield,hemisphere_60,1000000.0,Continuous,6P-FAIR_B,-0.0017162765978499996,0.0010481196437533997,-1
elmer,high_expansion_low_yield,hemisphere_90,10000.0,Continuous,6P-FAIR_B,0.0009944951408490995,0.001097842272770701,0
elmer,high_expansion_low_yield,hemisphere_90,1000000.0,Continuous,6P-FAIR_B,-0.001560338770298801,0.0011435935006942994,-1
elmer,high_expansion_low_yield,uniform_full,10000.0,Continuous,6P-FAIR_B,-4.171948339452152e-05,0.001041555899893017,0
elmer,high_expansion_low_yield,uniform_full,1000000.0,Continuous,6P-FAIR_B,-4.686263406966323e-05,0.001032778641155939,0
elmer,high_expansion_low_yield,uniform_half,10000.0,Continuous,6P-FAIR_B,2.2019676041627454e-05,0.0010261290483226304,0
elmer,high_expansion_low_yield,uniform_half,1000000.0,Continuous,6P-FAIR_B,9.734823108057043e-06,0.0010412326464279012,0
elmer,low_expansion_high_yield,hemisphere_0,10000.0,Continuous,6P-FAIR_B,-7.151512087799974e-05,0.0010902482398225002,0
elmer,low_expansion_high_yield,hemisphere_0,1000000.0,Continuous,6P-FAIR_B,-0.0006421496843363999,0.0010461162768036004,0
elmer,low_expansion_high_yield,hemisphere_30,10000.0,Continuous,6P-FAIR_B,-3.971842371499994e-06,0.0010320466840107998,0
elmer,low_expansion_high_yield,hemisphere_30,1000000.0,Continuous,6P-FAIR_B,-0.0006947190244787997,0.0010264563883838,0
elmer,low_expansion_high_yield,hemisphere_60,10000.0,Continuous,6P-FAIR_B,-9.698001357129988e-05,0.0010711523604986003,0
elmer,low_expansion_high_yield,hemisphere_60,1000000.0,Continuous,6P-FAIR_B,-0.0006675582709407002,0.0010555858333335,0
elmer,low_expansion_high_yield,hemisphere_90,10000.0,Continuous,6P-FAIR_B,1.9109561526300077e-05,0.0010860452842927,0
elmer,low_expansion_high_yield,hemisphere_90,1000000.0,Continuous,6P-FAIR_B,-0.0006819680848004,0.0010839561343329,0
elmer,low_expansion_high_yield,uniform_full,10000.0,Continuous,6P-FAIR_B,3.8779663587815105e-05,0.00103961638678341,0
elmer,low_expansion_high_yield,uniform_full,1000000.0,Continuous,6P-FAIR_B,1.9070695404428376e-05,0.0010565647659442272,0
elmer,low_expansion_high_yield,uniform_half,10000.0,Continuous,6P-FAIR_B,2.760942489594809e-05,0.001044123632938462,0
elmer,low_expansion_high_yield,uniform_half,1000000.0,Continuous,6P-FAIR_B,1.6370500072356263e-05,0.001042255846182892,0
elmer,nominal,hemisphere_0,10000.0,Continuous,6P-FAIR_B,-0.00020633480986700058,0.0011471456442852003,0
elmer,nominal,hemisphere_0,1000000.0,Continuous,6P-FAIR_B,-0.0011998868704713997,0.0010743073876673002,-1
elmer,nominal,hemisphere_30,10000.0,Continuous,6P-FAIR_B,1.0672215550993486e-06,0.0011248368695128998,0
elmer,nominal,hemisphere_30,1000000.0,Continuous,6P-FAIR_B,-0.0012500769698823005,0.0010526819485838007,-1
elmer,nominal,hemisphere_60,10000.0,Continuous,6P-FAIR_B,-0.00019781438228410036,0.0011645660851651004,0
elmer,nominal,hemisphere_60,1000000.0,Continuous,6P-FAIR_B,-0.0012038067973301997,0.0010684827113574,-1
elmer,nominal,hemisphere_90,10000.0,Continuous,6P-FAIR_B,4.9803879880400484e-05,0.0012120448259188002,0
elmer,nominal,hemisphere_90,1000000.0,Continuous,6P-FAIR_B,-0.0012367599007357998,0.0011425432609164002,-1
elmer,nominal,uniform_full,10000.0,Continuous,6P-FAIR_B,2.8728798872774166e-05,0.0010588315009476316,0
elmer,nominal,uniform_full,1000000.0,Continuous,6P-FAIR_B,1.9757336678321914e-05,0.001075452591970134,0
elmer,nominal,uniform_half,10000.0,Continuous,6P-FAIR_B,3.050995276088731e-05,0.0010578716985395235,0
elmer,nominal,uniform_half,1000000.0,Continuous,6P-FAIR_B,1.6161792288231376e-05,0.0010611781315990837,0
fvm,high_expansion_low_yield,hemisphere_0,10000.0,Continuous,6P-FAIR_B,0.00021547521094010015,0.0011569157464182992,0
fvm,high_expansion_low_yield,hemisphere_0,1000000.0,Continuous,6P-FAIR_B,-0.0017858557916192999,0.001172009808358001,-1
fvm,high_expansion_low_yield,hemisphere_30,10000.0,Continuous,6P-FAIR_B,0.0010326526979608005,0.001088682505001601,0
fvm,high_expansion_low_yield,hemisphere_30,1000000.0,Continuous,6P-FAIR_B,-0.0015558415412976999,0.0010828207604465998,-1
fvm,high_expansion_low_yield,hemisphere_60,10000.0,Continuous,6P-FAIR_B,0.00027351236494589995,0.001048808134764801,0
fvm,high_expansion_low_yield,hemisphere_60,1000000.0,Continuous,6P-FAIR_B,-0.0017354554525488,0.0010329141122127992,-1
fvm,high_expansion_low_yield,hemisphere_90,10000.0,Continuous,6P-FAIR_B,0.0009923246879625994,0.0011046718448806002,0
fvm,high_expansion_low_yield,hemisphere_90,1000000.0,Continuous,6P-FAIR_B,-0.0015768821472992994,0.0011314473218164006,-1
fvm,high_expansion_low_yield,uniform_full,10000.0,Continuous,6P-FAIR_B,-4.4603922813643764e-05,0.001041395203012075,0
fvm,high_expansion_low_yield,uniform_full,1000000.0,Continuous,6P-FAIR_B,-5.0338308445614954e-05,0.001034016488915724,0
fvm,high_expansion_low_yield,uniform_half,10000.0,Continuous,6P-FAIR_B,1.6039200319658786e-05,0.00102060121769339,0
fvm,high_expansion_low_yield,uniform_half,1000000.0,Continuous,6P-FAIR_B,3.292629551300334e-06,0.0010369882979691686,0
fvm,low_expansion_high_yield,hemisphere_0,10000.0,Continuous,6P-FAIR_B,-9.071756687210018e-05,0.0011048228248658,0
fvm,low_expansion_high_yield,hemisphere_0,1000000.0,Continuous,6P-FAIR_B,-0.0006632200322719999,0.0010254798450725,0
fvm,low_expansion_high_yield,hemisphere_30,10000.0,Continuous,6P-FAIR_B,-2.3452180575300133e-05,0.0010828957597622002,0
fvm,low_expansion_high_yield,hemisphere_30,1000000.0,Continuous,6P-FAIR_B,-0.0007219528523775001,0.0010192193191253,0
fvm,low_expansion_high_yield,hemisphere_60,10000.0,Continuous,6P-FAIR_B,-0.0001126970353764003,0.0011125534361551004,0
fvm,low_expansion_high_yield,hemisphere_60,1000000.0,Continuous,6P-FAIR_B,-0.0006887502893598999,0.0010616332084511001,0
fvm,low_expansion_high_yield,hemisphere_90,10000.0,Continuous,6P-FAIR_B,1.0785025813900197e-05,0.0011451659576810999,0
fvm,low_expansion_high_yield,hemisphere_90,1000000.0,Continuous,6P-FAIR_B,-0.0007020988838588999,0.0011057702870721,0
fvm,low_expansion_high_yield,uniform_full,10000.0,Continuous,6P-FAIR_B,3.566194477252579e-05,0.0010320184301500545,0
fvm,low_expansion_high_yield,uniform_full,1000000.0,Continuous,6P-FAIR_B,1.7509352657243263e-05,0.001051785560070208,0
fvm,low_expansion_high_yield,uniform_half,10000.0,Continuous,6P-FAIR_B,2.7775455918075534e-05,0.0010494511923850192,0
fvm,low_expansion_high_yield,uniform_half,1000000.0,Continuous,6P-FAIR_B,1.6853357686993274e-05,0.001052231901835577,0
fvm,nominal,hemisphere_0,10000.0,Continuous,6P-FAIR_B,-0.00023435973630240008,0.0011492374369105988,0
fvm,nominal,hemisphere_0,1000000.0,Continuous,6P-FAIR_B,-0.0011819201933286,0.0010817843735302997,-1
fvm,nominal,hemisphere_30,10000.0,Continuous,6P-FAIR_B,1.4865611668996026e-06,0.0011041693786392002,0
fvm,nominal,hemisphere_30,1000000.0,Continuous,6P-FAIR_B,-0.0012261048360726,0.0010699520399477004,-1
fvm,nominal,hemisphere_60,10000.0,Continuous,6P-FAIR_B,-0.0002216472657856003,0.0011600566437641006,0
fvm,nominal,hemisphere_60,1000000.0,Continuous,6P-FAIR_B,-0.0011832921311017998,0.0010523857656806,-1
fvm,nominal,hemisphere_90,10000.0,Continuous,6P-FAIR_B,1.9900780396700166e-05,0.0012309217689073,0
fvm,nominal,hemisphere_90,1000000.0,Continuous,6P-FAIR_B,-0.0012425347113072995,0.0011522106665329,-1
fvm,nominal,uniform_full,10000.0,Continuous,6P-FAIR_B,2.5156121759287156e-05,0.001060667577851992,0
fvm,nominal,uniform_full,1000000.0,Continuous,6P-FAIR_B,1.649232335637007e-05,0.0010773275006431102,0
fvm,nominal,uniform_half,10000.0,Continuous,6P-FAIR_B,2.49989141207441e-05,0.0010628005836625521,0
fvm,nominal,uniform_half,1000000.0,Continuous,6P-FAIR_B,1.104276198295679e-05,0.0010729401461861876,0
elmer,high_expansion_low_yield,hemisphere_0,10000.0,Continuous,8P-FAIR_B,0.0006729685261367014,0.0011825927335186994,0
elmer,high_expansion_low_yield,hemisphere_0,1000000.0,Continuous,8P-FAIR_B,-0.0017269898608576993,0.0012180696805795003,-1
elmer,high_expansion_low_yield,hemisphere_30,10000.0,Continuous,8P-FAIR_B,0.00034569670316580113,0.0010850528494520005,0
elmer,high_expansion_low_yield,hemisphere_30,1000000.0,Continuous,8P-FAIR_B,-0.0016803714876960996,0.0011297510477672008,-1
elmer,high_expansion_low_yield,hemisphere_60,10000.0,Continuous,8P-FAIR_B,0.00032943378606830123,0.0010391247072480984,0
elmer,high_expansion_low_yield,hemisphere_60,1000000.0,Continuous,8P-FAIR_B,-0.0017025248956587993,0.0010585691405567005,-1
elmer,high_expansion_low_yield,hemisphere_90,10000.0,Continuous,8P-FAIR_B,0.0006848164580474988,0.0011130706231642007,0
elmer,high_expansion_low_yield,hemisphere_90,1000000.0,Continuous,8P-FAIR_B,-0.0016982601085298995,0.0011222784718226,-1
elmer,high_expansion_low_yield,uniform_full,10000.0,Continuous,8P-FAIR_B,-1.393636058460062e-05,0.0010267232988871607,0
elmer,high_expansion_low_yield,uniform_full,1000000.0,Continuous,8P-FAIR_B,-2.827772474811059e-05,0.0010302947296529097,0
elmer,high_expansion_low_yield,uniform_half,10000.0,Continuous,8P-FAIR_B,2.588959166468665e-05,0.001027023420937988,0
elmer,high_expansion_low_yield,uniform_half,1000000.0,Continuous,8P-FAIR_B,1.3032687139451031e-05,0.0010217668249060108,0
elmer,low_expansion_high_yield,hemisphere_0,10000.0,Continuous,8P-FAIR_B,-1.3355715141999923e-05,0.0011144402541882,0
elmer,low_expansion_high_yield,hemisphere_0,1000000.0,Continuous,8P-FAIR_B,-0.0006485901425955002,0.0011124630444084998,0
elmer,low_expansion_high_yield,hemisphere_30,10000.0,Continuous,8P-FAIR_B,-5.0008176632399936e-05,0.0010809799870349001,0
elmer,low_expansion_high_yield,hemisphere_30,1000000.0,Continuous,8P-FAIR_B,-0.0005993473337892001,0.0010859285242462997,0
elmer,low_expansion_high_yield,hemisphere_60,10000.0,Continuous,8P-FAIR_B,-3.190828435019983e-05,0.0010744172633911004,0
elmer,low_expansion_high_yield,hemisphere_60,1000000.0,Continuous,8P-FAIR_B,-0.0005895641915686998,0.0010653354390649003,0
elmer,low_expansion_high_yield,hemisphere_90,10000.0,Continuous,8P-FAIR_B,2.729657852380005e-05,0.0010861648440803002,0
elmer,low_expansion_high_yield,hemisphere_90,1000000.0,Continuous,8P-FAIR_B,-0.0006070600305508001,0.0010865776476437,0
elmer,low_expansion_high_yield,uniform_full,10000.0,Continuous,8P-FAIR_B,2.7271869839747137e-05,0.0010373377775889448,0
elmer,low_expansion_high_yield,uniform_full,1000000.0,Continuous,8P-FAIR_B,5.937356277198411e-06,0.0010232087056138129,0
elmer,low_expansion_high_yield,uniform_half,10000.0,Continuous,8P-FAIR_B,2.600443546210362e-05,0.0010130147376168663,0
elmer,low_expansion_high_yield,uniform_half,1000000.0,Continuous,8P-FAIR_B,2.0705408698147142e-05,0.0010082961919035984,0
elmer,nominal,hemisphere_0,10000.0,Continuous,8P-FAIR_B,-8.174395402690045e-05,0.0012282089823289002,0
elmer,nominal,hemisphere_0,1000000.0,Continuous,8P-FAIR_B,-0.0012237225591288994,0.0012061620594171,-1
elmer,nominal,hemisphere_30,10000.0,Continuous,8P-FAIR_B,-0.00015749559501210004,0.0012209582896470002,0
elmer,nominal,hemisphere_30,1000000.0,Continuous,8P-FAIR_B,-0.0011111331472523,0.0011792304715135008,0
elmer,nominal,hemisphere_60,10000.0,Continuous,8P-FAIR_B,-0.0001465170912610999,0.001158011546422301,0
elmer,nominal,hemisphere_60,1000000.0,Continuous,8P-FAIR_B,-0.0011086839302438998,0.0011140789612935995,0
elmer,nominal,hemisphere_90,10000.0,Continuous,8P-FAIR_B,-3.425209736539984e-05,0.0011676455562827995,0
elmer,nominal,hemisphere_90,1000000.0,Continuous,8P-FAIR_B,-0.0011645263840459998,0.0011557815007918006,-1
elmer,nominal,uniform_full,10000.0,Continuous,8P-FAIR_B,1.7595581708154895e-05,0.0010566658425780599,0
elmer,nominal,uniform_full,1000000.0,Continuous,8P-FAIR_B,2.2823282004106314e-07,0.0010508758311138136,0
elmer,nominal,uniform_half,10000.0,Continuous,8P-FAIR_B,2.5115984107674406e-05,0.0010168480829875124,0
elmer,nominal,uniform_half,1000000.0,Continuous,8P-FAIR_B,1.598122052679926e-05,0.0010105080073063803,0
fvm,high_expansion_low_yield,hemisphere_0,10000.0,Continuous,8P-FAIR_B,0.0006757842738543008,0.0011601935543862985,0
fvm,high_expansion_low_yield,hemisphere_0,1000000.0,Continuous,8P-FAIR_B,-0.001738832281118101,0.0012074505232938992,-1
fvm,high_expansion_low_yield,hemisphere_30,10000.0,Continuous,8P-FAIR_B,0.00034713834694339966,0.001060726805948699,0
fvm,high_expansion_low_yield,hemisphere_30,1000000.0,Continuous,8P-FAIR_B,-0.0016935230208595005,0.001117822123408,-1
fvm,high_expansion_low_yield,hemisphere_60,10000.0,Continuous,8P-FAIR_B,0.00032937044968909916,0.0010542565734347016,0
fvm,high_expansion_low_yield,hemisphere_60,1000000.0,Continuous,8P-FAIR_B,-0.001715802810240699,0.0010470860418523003,-1
fvm,high_expansion_low_yield,hemisphere_90,10000.0,Continuous,8P-FAIR_B,0.0006844079518857991,0.0011293641046871009,0
fvm,high_expansion_low_yield,hemisphere_90,1000000.0,Continuous,8P-FAIR_B,-0.0017117544671003994,0.0011104868860989017,-1
fvm,high_expansion_low_yield,uniform_full,10000.0,Continuous,8P-FAIR_B,-1.5134453621001894e-05,0.0010273169954392867,0
fvm,high_expansion_low_yield,uniform_full,1000000.0,Continuous,8P-FAIR_B,-2.9322424214256254e-05,0.0010281737623058088,0
fvm,high_expansion_low_yield,uniform_half,10000.0,Continuous,8P-FAIR_B,2.2782576404382354e-05,0.00102562823260832,0
fvm,high_expansion_low_yield,uniform_half,1000000.0,Continuous,8P-FAIR_B,1.101642904386164e-05,0.0010238818953569183,0
fvm,low_expansion_high_yield,hemisphere_0,10000.0,Continuous,8P-FAIR_B,-3.157147388020004e-05,0.0011360708235355998,0
fvm,low_expansion_high_yield,hemisphere_0,1000000.0,Continuous,8P-FAIR_B,-0.0006740149640539,0.0010994885311535001,0
fvm,low_expansion_high_yield,hemisphere_30,10000.0,Continuous,8P-FAIR_B,-6.338886482270016e-05,0.0011449302292973,0
fvm,low_expansion_high_yield,hemisphere_30,1000000.0,Continuous,8P-FAIR_B,-0.0006182218693701,0.0011044557274384002,0
fvm,low_expansion_high_yield,hemisphere_60,10000.0,Continuous,8P-FAIR_B,-3.8190864917900334e-05,0.0011154724859479001,0
fvm,low_expansion_high_yield,hemisphere_60,1000000.0,Continuous,8P-FAIR_B,-0.0006022340243654,0.0010710890915484,0
fvm,low_expansion_high_yield,hemisphere_90,10000.0,Continuous,8P-FAIR_B,2.5869324056900216e-05,0.0011392288757819998,0
fvm,low_expansion_high_yield,hemisphere_90,1000000.0,Continuous,8P-FAIR_B,-0.0006181773738106,0.0011032077508414003,0
fvm,low_expansion_high_yield,uniform_full,10000.0,Continuous,8P-FAIR_B,2.5299928198822053e-05,0.0010261755321970367,0
fvm,low_expansion_high_yield,uniform_full,1000000.0,Continuous,8P-FAIR_B,3.930954073255503e-06,0.001015595276128397,0
fvm,low_expansion_high_yield,uniform_half,10000.0,Continuous,8P-FAIR_B,2.7247311619166413e-05,0.0010111803718885243,0
fvm,low_expansion_high_yield,uniform_half,1000000.0,Continuous,8P-FAIR_B,2.1541306655308994e-05,0.0010079296426905794,0
fvm,nominal,hemisphere_0,10000.0,Continuous,8P-FAIR_B,-0.00010016107974429936,0.0012396405205224994,0
fvm,nominal,hemisphere_0,1000000.0,Continuous,8P-FAIR_B,-0.0012086195787372996,0.0012230019306191,0
fvm,nominal,hemisphere_30,10000.0,Continuous,8P-FAIR_B,-0.00015909565804040054,0.0012047109359668,0
fvm,nominal,hemisphere_30,1000000.0,Continuous,8P-FAIR_B,-0.0010872480785760002,0.0011756850590621997,0
fvm,nominal,hemisphere_60,10000.0,Continuous,8P-FAIR_B,-0.00016702132546500027,0.0011533563130120003,0
fvm,nominal,hemisphere_60,1000000.0,Continuous,8P-FAIR_B,-0.0010894828236591996,0.0011133882680854001,0
fvm,nominal,hemisphere_90,10000.0,Continuous,8P-FAIR_B,-6.931057488810018e-05,0.0011766809276974,0
fvm,nominal,hemisphere_90,1000000.0,Continuous,8P-FAIR_B,-0.001172119439705,0.0011614725306373,-1
fvm,nominal,uniform_full,10000.0,Continuous,8P-FAIR_B,1.805124610083112e-05,0.001062658524471277,0
fvm,nominal,uniform_full,1000000.0,Continuous,8P-FAIR_B,1.3168623215087873e-06,0.0010568926921063167,0
fvm,nominal,uniform_half,10000.0,Continuous,8P-FAIR_B,3.001602816029371e-05,0.001025535205404508,0
fvm,nominal,uniform_half,1000000.0,Continuous,8P-FAIR_B,1.40488052507661e-05,0.0010136565120203288,0
elmer,high_expansion_low_yield,hemisphere_0,10000.0,6P-FAIR_B,8P-FAIR_B,0.000451561715118301,0.0011121484023491014,0
elmer,high_expansion_low_yield,hemisphere_0,1000000.0,6P-FAIR_B,8P-FAIR_B,3.8497765539199924e-05,0.0011738928067031003,0
elmer,high_expansion_low_yield,hemisphere_30,10000.0,6P-FAIR_B,8P-FAIR_B,-0.0006879148152223995,0.0010959552579655014,0
elmer,high_expansion_low_yield,hemisphere_30,1000000.0,6P-FAIR_B,8P-FAIR_B,-0.0001400883145000996,0.0011289679923961,0
elmer,high_expansion_low_yield,hemisphere_60,10000.0,6P-FAIR_B,8P-FAIR_B,5.173217240760086e-05,0.0010140625664187006,0
elmer,high_expansion_low_yield,hemisphere_60,1000000.0,6P-FAIR_B,8P-FAIR_B,1.3751702191200366e-05,0.0010425910922869002,0
elmer,high_expansion_low_yield,hemisphere_90,10000.0,6P-FAIR_B,8P-FAIR_B,-0.0003096786828016007,0.001023046395562101,0
elmer,high_expansion_low_yield,hemisphere_90,1000000.0,6P-FAIR_B,8P-FAIR_B,-0.00013792133823109856,0.0010812645817450993,0
elmer,high_expansion_low_yield,uniform_full,10000.0,6P-FAIR_B,8P-FAIR_B,2.77831228099209e-05,0.001027168831224052,0
elmer,high_expansion_low_yield,uniform_full,1000000.0,6P-FAIR_B,8P-FAIR_B,1.8584909321552643e-05,0.001025086420279114,0
elmer,high_expansion_low_yield,uniform_half,10000.0,6P-FAIR_B,8P-FAIR_B,3.869915623059197e-06,0.0010389056671981742,0
elmer,high_expansion_low_yield,uniform_half,1000000.0,6P-FAIR_B,8P-FAIR_B,3.297864031393988e-06,0.001056003428005189,0
elmer,low_expansion_high_yield,hemisphere_0,10000.0,6P-FAIR_B,8P-FAIR_B,5.815940573599982e-05,0.0011338681631027003,0
elmer,low_expansion_high_yield,hemisphere_0,1000000.0,6P-FAIR_B,8P-FAIR_B,-6.4404582591002894e-06,0.0010859586083821,0
elmer,low_expansion_high_yield,hemisphere_30,10000.0,6P-FAIR_B,8P-FAIR_B,-4.603633426089994e-05,0.0010877596186593002,0
elmer,low_expansion_high_yield,hemisphere_30,1000000.0,6P-FAIR_B,8P-FAIR_B,9.537169068959961e-05,0.0010738734777982996,0
elmer,low_expansion_high_yield,hemisphere_60,10000.0,6P-FAIR_B,8P-FAIR_B,6.507172922110005e-05,0.0011058276847601,0
elmer,low_expansion_high_yield,hemisphere_60,1000000.0,6P-FAIR_B,8P-FAIR_B,7.799407937200036e-05,0.0010758240755336002,0
elmer,low_expansion_high_yield,hemisphere_90,10000.0,6P-FAIR_B,8P-FAIR_B,8.187016997499973e-06,0.0011476409236564002,0
elmer,low_expansion_high_yield,hemisphere_90,1000000.0,6P-FAIR_B,8P-FAIR_B,7.490805424959987e-05,0.0011382695057546,0
elmer,low_expansion_high_yield,uniform_full,10000.0,6P-FAIR_B,8P-FAIR_B,-1.1507793748067968e-05,0.0010455430133860927,0
elmer,low_expansion_high_yield,uniform_full,1000000.0,6P-FAIR_B,8P-FAIR_B,-1.3133339127229965e-05,0.0010559307270182586,0
elmer,low_expansion_high_yield,uniform_half,10000.0,6P-FAIR_B,8P-FAIR_B,-1.6049894338444707e-06,0.0010345246653053822,0
elmer,low_expansion_high_yield,uniform_half,1000000.0,6P-FAIR_B,8P-FAIR_B,4.334908625790879e-06,0.0010403844831574898,0
elmer,nominal,hemisphere_0,10000.0,6P-FAIR_B,8P-FAIR_B,0.00012459085584010012,0.0012548421323253,0
elmer,nominal,hemisphere_0,1000000.0,6P-FAIR_B,8P-FAIR_B,-2.3835688657499778e-05,0.0011840469990176006,0
elmer,nominal,hemisphere_30,10000.0,6P-FAIR_B,8P-FAIR_B,-0.0001585628165671994,0.0011992182912513001,0
elmer,nominal,hemisphere_30,1000000.0,6P-FAIR_B,8P-FAIR_B,0.00013894382263000046,0.001144764929653301,0
elmer,nominal,hemisphere_60,10000.0,6P-FAIR_B,8P-FAIR_B,5.1297291023000464e-05,0.0011914110780974008,0
elmer,nominal,hemisphere_60,1000000.0,6P-FAIR_B,8P-FAIR_B,9.51228670862999e-05,0.0010884456765330001,0
elmer,nominal,hemisphere_90,10000.0,6P-FAIR_B,8P-FAIR_B,-8.405597724580032e-05,0.0012127782096473996,0
elmer,nominal,hemisphere_90,1000000.0,6P-FAIR_B,8P-FAIR_B,7.223351668979999e-05,0.0011776486142290009,0
elmer,nominal,uniform_full,10000.0,6P-FAIR_B,8P-FAIR_B,-1.1133217164619271e-05,0.0010822838671234831,0
elmer,nominal,uniform_full,1000000.0,6P-FAIR_B,8P-FAIR_B,-1.952910385828085e-05,0.001102454333154455,0
elmer,nominal,uniform_half,10000.0,6P-FAIR_B,8P-FAIR_B,-5.3939686532129035e-06,0.001056443883580985,0
elmer,nominal,uniform_half,1000000.0,6P-FAIR_B,8P-FAIR_B,-1.8057176143211636e-07,0.0010615328551453855,0
fvm,high_expansion_low_yield,hemisphere_0,10000.0,6P-FAIR_B,8P-FAIR_B,0.00046030906291420065,0.0011177859701626,0
fvm,high_expansion_low_yield,hemisphere_0,1000000.0,6P-FAIR_B,8P-FAIR_B,4.702351050119881e-05,0.001182609647540499,0
fvm,high_expansion_low_yield,hemisphere_30,10000.0,6P-FAIR_B,8P-FAIR_B,-0.0006855143510174008,0.0010970126810964992,0
fvm,high_expansion_low_yield,hemisphere_30,1000000.0,6P-FAIR_B,8P-FAIR_B,-0.0001376814795618006,0.0011334408565549991,0
fvm,high_expansion_low_yield,hemisphere_60,10000.0,6P-FAIR_B,8P-FAIR_B,5.585808474319921e-05,0.0010534220224078994,0
fvm,high_expansion_low_yield,hemisphere_60,1000000.0,6P-FAIR_B,8P-FAIR_B,1.9652642308101015e-05,0.0010182398074355002,0
fvm,high_expansion_low_yield,hemisphere_90,10000.0,6P-FAIR_B,8P-FAIR_B,-0.0003079167360768003,0.0010526716453133017,0
fvm,high_expansion_low_yield,hemisphere_90,1000000.0,6P-FAIR_B,8P-FAIR_B,-0.00013487231980109995,0.0010582252659409016,0
fvm,high_expansion_low_yield,uniform_full,10000.0,6P-FAIR_B,8P-FAIR_B,2.946946919264187e-05,0.0010257952312342925,0
fvm,high_expansion_low_yield,uniform_full,1000000.0,6P-FAIR_B,8P-FAIR_B,2.10158842313587e-05,0.0010226165658382058,0
fvm,high_expansion_low_yield,uniform_half,10000.0,6P-FAIR_B,8P-FAIR_B,6.7433760847235675e-06,0.001030692062986597,0
fvm,high_expansion_low_yield,uniform_half,1000000.0,6P-FAIR_B,8P-FAIR_B,7.723799492561307e-06,0.0010526414757724256,0
fvm,low_expansion_high_yield,hemisphere_0,10000.0,6P-FAIR_B,8P-FAIR_B,5.914609299190014e-05,0.0011846788055073997,0
fvm,low_expansion_high_yield,hemisphere_0,1000000.0,6P-FAIR_B,8P-FAIR_B,-1.079493178190007e-05,0.0011193892743236,0
fvm,low_expansion_high_yield,hemisphere_30,10000.0,6P-FAIR_B,8P-FAIR_B,-3.9936684247400024e-05,0.0011313395210789,0
fvm,low_expansion_high_yield,hemisphere_30,1000000.0,6P-FAIR_B,8P-FAIR_B,0.0001037309830074001,0.0010864825211197,0
fvm,low_expansion_high_yield,hemisphere_60,10000.0,6P-FAIR_B,8P-FAIR_B,7.450617045849997e-05,0.0011541941516673999,0
fvm,low_expansion_high_yield,hemisphere_60,1000000.0,6P-FAIR_B,8P-FAIR_B,8.651626499449989e-05,0.0011079688005311002,0
fvm,low_expansion_high_yield,hemisphere_90,10000.0,6P-FAIR_B,8P-FAIR_B,1.5084298243000019e-05,0.0011991939048508998,0
fvm,low_expansion_high_yield,hemisphere_90,1000000.0,6P-FAIR_B,8P-FAIR_B,8.392151004829986e-05,0.0011752548846053002,0
fvm,low_expansion_high_yield,uniform_full,10000.0,6P-FAIR_B,8P-FAIR_B,-1.036201657370374e-05,0.0010468683772467515,0
fvm,low_expansion_high_yield,uniform_full,1000000.0,6P-FAIR_B,8P-FAIR_B,-1.357839858398776e-05,0.0010558141857436069,0
fvm,low_expansion_high_yield,uniform_half,10000.0,6P-FAIR_B,8P-FAIR_B,-5.281442989091209e-07,0.0010399051290898354,0
fvm,low_expansion_high_yield,uniform_half,1000000.0,6P-FAIR_B,8P-FAIR_B,4.68794896831572e-06,0.0010504343526202796,0
fvm,nominal,hemisphere_0,10000.0,6P-FAIR_B,8P-FAIR_B,0.00013419865655810072,0.0012290477477598996,0
fvm,nominal,hemisphere_0,1000000.0,6P-FAIR_B,8P-FAIR_B,-2.6699385408699566e-05,0.0011662512204672001,0
fvm,nominal,hemisphere_30,10000.0,6P-FAIR_B,8P-FAIR_B,-0.00016058221920730014,0.0011731687796249996,0
fvm,nominal,hemisphere_30,1000000.0,6P-FAIR_B,8P-FAIR_B,0.00013885675749659987,0.0011533070389697,0
fvm,nominal,hemisphere_60,10000.0,6P-FAIR_B,8P-FAIR_B,5.4625940320600017e-05,0.0011567419017183,0
fvm,nominal,hemisphere_60,1000000.0,6P-FAIR_B,8P-FAIR_B,9.380930744260028e-05,0.0010725557879106007,0
fvm,nominal,hemisphere_90,10000.0,6P-FAIR_B,8P-FAIR_B,-8.921135528480034e-05,0.0011809851076677001,0
fvm,nominal,hemisphere_90,1000000.0,6P-FAIR_B,8P-FAIR_B,7.041527160229957e-05,0.0011471103793686006,0
fvm,nominal,uniform_full,10000.0,6P-FAIR_B,8P-FAIR_B,-7.104875658456036e-06,0.0010842964440236488,0
fvm,nominal,uniform_full,1000000.0,6P-FAIR_B,8P-FAIR_B,-1.5175461034861281e-05,0.0011055509756833332,0
fvm,nominal,uniform_half,10000.0,6P-FAIR_B,8P-FAIR_B,5.017114039549608e-06,0.0010745992240131616,0
fvm,nominal,uniform_half,1000000.0,6P-FAIR_B,8P-FAIR_B,3.0060432678093095e-06,0.0010785872873592046,0
