filename,dx_mm,dy_mm,theta_deg
sample_0000.png,1.3333333333333333,0.3333333333333333,-6.203447901691836
sample_0001.png,1.3333333333333333,1.0,0.6160599083992302
sample_0002.png,0.3333333333333333,1.3333333333333333,-5.527540151656172
sample_0003.png,0.6666666666666666,0.3333333333333333,-5.527540151656172
sample_0004.png,0.6666666666666666,-1.3333333333333333,1.231977402639728
sample_0005.png,0.0,-0.0,-4.91656600601002
sample_0006.png,1.3333333333333333,-0.6666666666666666,8.042894233505312
sample_0007.png,-1.0,-0.0,-2.462816675916847
sample_0008.png,-1.3333333333333333,0.6666666666666666,-9.865806943084367
sample_0009.png,0.3333333333333333,-0.3333333333333333,7.431407971172507
sample_0010.png,1.0,0.3333333333333333,-6.137255949261988
sample_0011.png,0.6666666666666666,-0.6666666666666666,-0.6160599083992302
sample_0012.png,-1.0,-0.6666666666666666,-0.6160599083992302
sample_0013.png,1.3333333333333333,-0.3333333333333333,9.260221531171478
sample_0014.png,-1.0,1.0,-8.652541791114725
sample_0015.png,0.6666666666666666,-1.0,0.6160599083992302
sample_0016.png,1.0,0.3333333333333333,1.231977402639728
sample_0017.png,1.0,0.6666666666666666,-3.077455399424377
sample_0018.png,0.3333333333333333,-0.3333333333333333,9.260221531171478
sample_0019.png,0.6666666666666666,-0.0,4.304468960507983
sample_0020.png,-0.3333333333333333,-0.0,-8.042894233505312
sample_0021.png,0.0,0.6666666666666666,-4.91656600601002
sample_0022.png,0.0,-0.0,4.91656600601002
sample_0023.png,0.3333333333333333,1.3333333333333333,0.6160599083992302
sample_0024.png,1.3333333333333333,-1.0,-8.652541791114725
sample_0025.png,0.0,-1.3333333333333333,3.6913859864512757
sample_0026.png,1.0,-0.6666666666666666,-2.462816675916847
sample_0027.png,0.6666666666666666,1.0,-6.818214571651869
sample_0028.png,-0.3333333333333333,-0.6666666666666666,-6.203447901691836
sample_0029.png,0.3333333333333333,1.3333333333333333,-9.260221531171478
sample_0030.png,0.3333333333333333,1.3333333333333333,0.6160599083992302
sample_0031.png,-0.3333333333333333,-1.0,-9.865806943084367
sample_0032.png,-1.3333333333333333,-1.0,0.0
sample_0033.png,-1.0,-0.0,3.6913859864512757
sample_0034.png,1.0,-1.3333333333333333,-9.260221531171478
sample_0035.png,0.0,-0.3333333333333333,6.818214571651869
sample_0036.png,-0.6666666666666666,-0.0,-8.652541791114725
sample_0037.png,-1.0,1.3333333333333333,-6.203447901691836
sample_0038.png,-0.3333333333333333,-0.3333333333333333,1.231977402639728
sample_0039.png,-0.3333333333333333,1.0,-4.304468960507983
sample_0040.png,1.3333333333333333,-0.3333333333333333,-1.231977402639728
sample_0041.png,0.3333333333333333,-1.0,2.462816675916847
sample_0042.png,-0.3333333333333333,-0.0,-9.260221531171478
sample_0043.png,-1.0,-1.0,-0.6160599083992302
sample_0044.png,-0.3333333333333333,-0.3333333333333333,3.6913859864512757
sample_0045.png,-0.6666666666666666,-0.0,6.203447901691836
sample_0046.png,0.0,-0.6666666666666666,-6.137255949261988
sample_0047.png,-0.6666666666666666,0.6666666666666666,5.527540151656172
sample_0048.png,-0.6666666666666666,-0.0,-7.431407971172507
sample_0049.png,1.0,1.3333333333333333,6.203447901691836
sample_0050.png,0.0,1.3333333333333333,-8.042894233505312
sample_0051.png,-1.3333333333333333,-0.0,7.431407971172507
sample_0052.png,0.3333333333333333,-0.6666666666666666,-2.462816675916847
sample_0053.png,1.0,1.3333333333333333,6.818214571651869
sample_0054.png,-0.6666666666666666,-1.3333333333333333,0.0
sample_0055.png,0.3333333333333333,-0.6666666666666666,-5.527540151656172
sample_0056.png,-1.3333333333333333,-1.3333333333333333,4.304468960507983
sample_0057.png,0.3333333333333333,-0.0,-3.077455399424377
sample_0058.png,1.0,-0.3333333333333333,-8.652541791114725
sample_0059.png,0.0,-1.0,3.077455399424377
sample_0060.png,-1.0,1.0,0.6160599083992302
sample_0061.png,-1.0,0.3333333333333333,3.077455399424377
sample_0062.png,1.3333333333333333,1.0,-6.818214571651869
sample_0063.png,0.6666666666666666,0.3333333333333333,-8.652541791114725
sample_0064.png,0.0,-0.0,-8.652541791114725
sample_0065.png,-1.3333333333333333,-1.0,2.462816675916847
sample_0066.png,-1.0,1.0,9.260221531171478
sample_0067.png,1.3333333333333333,0.3333333333333333,-9.260221531171478
sample_0068.png,-0.6666666666666666,0.6666666666666666,4.304468960507983
sample_0069.png,-0.6666666666666666,1.3333333333333333,5.527540151656172
sample_0070.png,-0.6666666666666666,-0.3333333333333333,7.431407971172507
sample_0071.png,1.3333333333333333,-1.0,6.203447901691836
sample_0072.png,1.0,0.3333333333333333,6.818214571651869
sample_0073.png,0.6666666666666666,-1.3333333333333333,4.304468960507983
sample_0074.png,-0.6666666666666666,1.0,-8.652541791114725
sample_0075.png,1.3333333333333333,-1.3333333333333333,6.818214571651869
sample_0076.png,-1.3333333333333333,-1.3333333333333333,6.203447901691836
sample_0077.png,1.3333333333333333,-1.0,0.6160599083992302
sample_0078.png,0.0,1.3333333333333333,8.652541791114725
sample_0079.png,0.3333333333333333,-0.3333333333333333,9.260221531171478
sample_0080.png,-1.3333333333333333,0.3333333333333333,-9.260221531171478
sample_0081.png,0.3333333333333333,-1.0,-4.304468960507983
sample_0082.png,-0.3333333333333333,-0.6666666666666666,5.527540151656172
sample_0083.png,-1.3333333333333333,-1.0,0.0
sample_0084.png,1.3333333333333333,-1.3333333333333333,-4.91656600601002
sample_0085.png,1.0,-0.3333333333333333,4.91656600601002
sample_0086.png,-1.3333333333333333,-1.3333333333333333,0.0
sample_0087.png,-1.3333333333333333,-0.0,9.865806943084367
sample_0088.png,-0.3333333333333333,0.3333333333333333,6.203447901691836
sample_0089.png,0.0,-0.6666666666666666,-7.431407971172507
sample_0090.png,-1.0,-0.0,6.818214571651869
sample_0091.png,0.0,1.0,-3.077455399424377
sample_0092.png,0.3333333333333333,0.3333333333333333,-0.6160599083992302
sample_0093.png,1.0,-0.6666666666666666,8.042894233505312
sample_0094.png,-0.6666666666666666,1.0,6.203447901691836
sample_0095.png,-0.3333333333333333,-0.6666666666666666,1.231977402639728
sample_0096.png,-1.0,1.3333333333333333,0.6160599083992302
sample_0097.png,-1.3333333333333333,-1.3333333333333333,2.462816675916847
sample_0098.png,-1.3333333333333333,-1.0,8.652541791114725
sample_0099.png,-1.3333333333333333,-1.3333333333333333,-6.818214571651869
sample_0100.png,1.0,-0.3333333333333333,8.042894233505312
sample_0101.png,-1.0,-0.0,0.6160599083992302
sample_0102.png,-1.0,1.0,-9.260221531171478
sample_0103.png,-0.6666666666666666,1.3333333333333333,1.231977402639728
sample_0104.png,0.6666666666666666,0.6666666666666666,0.6160599083992302
sample_0105.png,0.0,-1.0,-5.527540151656172
sample_0106.png,-0.6666666666666666,0.3333333333333333,9.260221531171478
sample_0107.png,1.0,0.6666666666666666,-1.8476102659945959
sample_0108.png,1.3333333333333333,-1.3333333333333333,3.077455399424377
sample_0109.png,-1.3333333333333333,1.0,0.0
sample_0110.png,1.0,0.6666666666666666,8.042894233505312
sample_0111.png,-1.3333333333333333,-1.3333333333333333,6.203447901691836
sample_0112.png,-0.6666666666666666,-1.3333333333333333,7.431407971172507
sample_0113.png,-1.0,1.0,4.91656600601002
sample_0114.png,1.3333333333333333,-0.6666666666666666,5.527540151656172
sample_0115.png,-0.6666666666666666,0.6666666666666666,0.0
sample_0116.png,-1.3333333333333333,-0.6666666666666666,-6.818214571651869
sample_0117.png,-0.6666666666666666,-0.3333333333333333,8.042894233505312
sample_0118.png,0.0,-0.3333333333333333,9.260221531171478
sample_0119.png,-0.6666666666666666,-0.3333333333333333,-6.818214571651869
sample_0120.png,1.0,1.3333333333333333,-6.203447901691836
sample_0121.png,0.6666666666666666,0.3333333333333333,0.0
sample_0122.png,1.3333333333333333,-0.6666666666666666,5.527540151656172
sample_0123.png,-0.6666666666666666,-1.0,6.203447901691836
sample_0124.png,0.6666666666666666,0.3333333333333333,-8.652541791114725
sample_0125.png,1.0,0.3333333333333333,-4.91656600601002
sample_0126.png,0.3333333333333333,-1.0,-9.260221531171478
sample_0127.png,1.0,1.0,-9.865806943084367
sample_0128.png,1.0,0.6666666666666666,-3.6913859864512757
sample_0129.png,-1.3333333333333333,-0.0,1.8476102659945959
sample_0130.png,0.6666666666666666,0.3333333333333333,8.042894233505312
sample_0131.png,-1.0,0.3333333333333333,-7.431407971172507
sample_0132.png,-0.3333333333333333,0.6666666666666666,1.231977402639728
sample_0133.png,-1.3333333333333333,-1.0,3.6913859864512757
sample_0134.png,-1.3333333333333333,-0.0,3.077455399424377
sample_0135.png,-0.6666666666666666,-0.3333333333333333,8.652541791114725
sample_0136.png,-1.3333333333333333,1.0,1.8476102659945959
sample_0137.png,1.3333333333333333,1.3333333333333333,1.231977402639728
sample_0138.png,-1.3333333333333333,-1.0,-3.6913859864512757
sample_0139.png,1.3333333333333333,-1.0,-8.652541791114725
sample_0140.png,0.0,0.6666666666666666,5.527540151656172
sample_0141.png,1.3333333333333333,-0.6666666666666666,-3.077455399424377
sample_0142.png,0.3333333333333333,1.3333333333333333,4.304468960507983
sample_0143.png,0.0,-1.3333333333333333,9.865806943084367
sample_0144.png,-0.6666666666666666,-1.0,3.6913859864512757
sample_0145.png,-0.6666666666666666,-0.6666666666666666,0.0
sample_0146.png,-0.3333333333333333,-0.3333333333333333,1.8476102659945959
sample_0147.png,-0.3333333333333333,-0.6666666666666666,-6.818214571651869
sample_0148.png,-1.0,-1.3333333333333333,7.431407971172507
sample_0149.png,1.3333333333333333,1.3333333333333333,1.231977402639728
sample_0150.png,-0.3333333333333333,1.0,8.652541791114725
sample_0151.png,-0.3333333333333333,1.0,-1.231977402639728
sample_0152.png,0.3333333333333333,1.0,6.203447901691836
sample_0153.png,-1.0,-0.0,-2.462816675916847
sample_0154.png,-1.0,-1.3333333333333333,0.0
sample_0155.png,0.3333333333333333,0.6666666666666666,4.91656600601002
sample_0156.png,0.3333333333333333,-1.3333333333333333,-6.203447901691836
sample_0157.png,-1.0,1.3333333333333333,-8.652541791114725
sample_0158.png,-1.0,-1.0,-3.077455399424377
sample_0159.png,-1.3333333333333333,-1.0,-9.260221531171478
sample_0160.png,1.3333333333333333,-0.3333333333333333,0.0
sample_0161.png,1.0,-0.0,0.0
sample_0162.png,-1.3333333333333333,-0.0,-9.260221531171478
sample_0163.png,-0.6666666666666666,1.0,-2.462816675916847
sample_0164.png,0.3333333333333333,0.3333333333333333,4.91656600601002
sample_0165.png,-1.0,-0.6666666666666666,6.203447901691836
sample_0166.png,-0.6666666666666666,-0.6666666666666666,-8.652541791114725
sample_0167.png,1.0,-0.0,-8.042894233505312
sample_0168.png,0.3333333333333333,-0.0,6.137255949261988
sample_0169.png,0.6666666666666666,1.0,4.91656600601002
sample_0170.png,-0.6666666666666666,-0.6666666666666666,6.818214571651869
sample_0171.png,0.3333333333333333,1.0,-2.462816675916847
sample_0172.png,1.0,1.0,-3.6913859864512757
sample_0173.png,-1.0,-0.6666666666666666,-4.91656600601002
sample_0174.png,-1.3333333333333333,1.3333333333333333,-0.6160599083992302
sample_0175.png,-0.3333333333333333,1.3333333333333333,1.8476102659945959
sample_0176.png,0.0,0.6666666666666666,8.042894233505312
sample_0177.png,-1.3333333333333333,-0.0,-4.304468960507983
sample_0178.png,1.3333333333333333,-1.0,-6.203447901691836
sample_0179.png,1.3333333333333333,1.3333333333333333,-0.6160599083992302
sample_0180.png,-0.6666666666666666,1.0,8.652541791114725
sample_0181.png,1.0,-0.6666666666666666,-0.6160599083992302
sample_0182.png,1.0,0.6666666666666666,-8.652541791114725
sample_0183.png,-0.6666666666666666,1.0,4.304468960507983
sample_0184.png,0.0,-1.0,-9.865806943084367
sample_0185.png,0.3333333333333333,0.3333333333333333,-7.431407971172507
sample_0186.png,-1.0,-0.6666666666666666,-9.865806943084367
sample_0187.png,-1.0,-0.6666666666666666,1.231977402639728
sample_0188.png,0.3333333333333333,-0.0,0.6160599083992302
sample_0189.png,0.6666666666666666,-0.3333333333333333,0.0
sample_0190.png,-1.3333333333333333,-1.3333333333333333,1.231977402639728
sample_0191.png,1.3333333333333333,1.3333333333333333,3.077455399424377
sample_0192.png,0.6666666666666666,0.3333333333333333,6.203447901691836
sample_0193.png,1.3333333333333333,0.3333333333333333,7.431407971172507
sample_0194.png,-0.6666666666666666,-0.6666666666666666,-3.6913859864512757
sample_0195.png,-0.3333333333333333,1.3333333333333333,-1.8476102659945959
sample_0196.png,1.3333333333333333,0.3333333333333333,-4.91656600601002
sample_0197.png,-1.0,-1.3333333333333333,-1.8476102659945959
sample_0198.png,1.0,-0.6666666666666666,-7.431407971172507
sample_0199.png,0.0,0.6666666666666666,-5.527540151656172
sample_0200.png,-1.0,0.3333333333333333,9.260221531171478
sample_0201.png,1.0,-1.0,9.260221531171478
sample_0202.png,1.3333333333333333,-1.0,-4.91656600601002
sample_0203.png,0.3333333333333333,0.6666666666666666,8.042894233505312
sample_0204.png,-0.3333333333333333,1.0,-3.6913859864512757
sample_0205.png,0.0,-1.0,1.8476102659945959
sample_0206.png,-1.3333333333333333,-0.3333333333333333,3.077455399424377
sample_0207.png,1.0,0.3333333333333333,4.91656600601002
sample_0208.png,-0.6666666666666666,-0.0,3.077455399424377
sample_0209.png,1.3333333333333333,0.6666666666666666,-9.260221531171478
sample_0210.png,0.6666666666666666,-1.3333333333333333,0.6160599083992302
sample_0211.png,-0.3333333333333333,1.0,-6.818214571651869
sample_0212.png,0.6666666666666666,1.3333333333333333,-4.304468960507983
sample_0213.png,0.0,1.0,9.260221531171478
sample_0214.png,-1.3333333333333333,-0.0,-6.818214571651869
sample_0215.png,0.3333333333333333,-1.3333333333333333,-9.865806943084367
sample_0216.png,1.3333333333333333,0.6666666666666666,0.0
sample_0217.png,-1.0,0.3333333333333333,1.8476102659945959
sample_0218.png,-1.0,0.6666666666666666,1.231977402639728
sample_0219.png,-1.3333333333333333,-1.3333333333333333,5.527540151656172
sample_0220.png,0.0,-0.0,7.431407971172507
sample_0221.png,0.3333333333333333,1.3333333333333333,4.304468960507983
sample_0222.png,0.6666666666666666,0.6666666666666666,6.137255949261988
sample_0223.png,-0.3333333333333333,-1.3333333333333333,-2.462816675916847
sample_0224.png,0.3333333333333333,1.0,-6.203447901691836
sample_0225.png,0.6666666666666666,0.3333333333333333,0.0
sample_0226.png,-1.3333333333333333,-1.0,-4.91656600601002
sample_0227.png,-1.3333333333333333,1.3333333333333333,2.462816675916847
sample_0228.png,1.0,-0.6666666666666666,3.6913859864512757
sample_0229.png,-1.0,-1.3333333333333333,-3.077455399424377
sample_0230.png,1.0,0.6666666666666666,2.462816675916847
sample_0231.png,-1.0,-0.3333333333333333,-9.260221531171478
sample_0232.png,-1.0,0.6666666666666666,-8.652541791114725
sample_0233.png,-0.6666666666666666,1.3333333333333333,-8.042894233505312
sample_0234.png,0.3333333333333333,-1.3333333333333333,-3.077455399424377
sample_0235.png,1.0,-1.0,2.462816675916847
sample_0236.png,1.0,-0.3333333333333333,-5.527540151656172
sample_0237.png,-1.3333333333333333,0.3333333333333333,6.818214571651869
sample_0238.png,-1.3333333333333333,1.3333333333333333,-3.6913859864512757
sample_0239.png,1.3333333333333333,0.6666666666666666,-8.042894233505312
sample_0240.png,0.3333333333333333,-1.3333333333333333,-5.527540151656172
sample_0241.png,-0.6666666666666666,1.3333333333333333,4.91656600601002
sample_0242.png,-0.3333333333333333,1.0,-3.6913859864512757
sample_0243.png,1.3333333333333333,-0.6666666666666666,9.865806943084367
sample_0244.png,-1.0,0.6666666666666666,3.6913859864512757
sample_0245.png,0.0,-0.0,1.231977402639728
sample_0246.png,0.0,1.3333333333333333,8.042894233505312
sample_0247.png,-0.6666666666666666,-1.0,4.304468960507983
sample_0248.png,-0.3333333333333333,1.0,9.865806943084367
sample_0249.png,-1.0,1.0,1.8476102659945959
sample_0250.png,0.3333333333333333,-1.3333333333333333,-8.652541791114725
sample_0251.png,0.6666666666666666,1.3333333333333333,4.304468960507983
sample_0252.png,1.0,0.6666666666666666,5.527540151656172
sample_0253.png,0.0,-0.3333333333333333,-0.6160599083992302
sample_0254.png,1.0,-0.6666666666666666,-8.652541791114725
sample_0255.png,0.6666666666666666,-0.6666666666666666,-6.818214571651869
sample_0256.png,1.3333333333333333,1.3333333333333333,-6.137255949261988
sample_0257.png,-1.0,1.0,-4.304468960507983
sample_0258.png,0.0,1.0,1.8476102659945959
sample_0259.png,0.3333333333333333,-0.0,-3.6913859864512757
sample_0260.png,-1.3333333333333333,-0.0,4.91656600601002
sample_0261.png,1.3333333333333333,0.3333333333333333,0.0
sample_0262.png,0.6666666666666666,-0.6666666666666666,4.91656600601002
sample_0263.png,0.6666666666666666,-1.3333333333333333,9.865806943084367
sample_0264.png,0.0,0.3333333333333333,-1.231977402639728
sample_0265.png,0.6666666666666666,-0.0,4.304468960507983
sample_0266.png,1.0,-0.6666666666666666,-4.304468960507983
sample_0267.png,1.0,0.6666666666666666,-7.431407971172507
sample_0268.png,-1.3333333333333333,0.3333333333333333,-1.231977402639728
sample_0269.png,0.3333333333333333,-1.3333333333333333,-8.652541791114725
sample_0270.png,-1.0,-0.3333333333333333,1.8476102659945959
sample_0271.png,-0.6666666666666666,-0.6666666666666666,1.231977402639728
sample_0272.png,1.0,0.6666666666666666,4.304468960507983
sample_0273.png,1.0,-0.0,4.304468960507983
sample_0274.png,1.3333333333333333,1.0,6.818214571651869
sample_0275.png,-1.3333333333333333,-1.0,-0.6160599083992302
sample_0276.png,1.0,1.0,3.077455399424377
sample_0277.png,0.3333333333333333,-1.0,-9.865806943084367
sample_0278.png,1.3333333333333333,-1.0,-4.91656600601002
sample_0279.png,-1.3333333333333333,1.3333333333333333,-0.6160599083992302
sample_0280.png,-0.3333333333333333,-0.6666666666666666,-9.260221531171478
sample_0281.png,-0.6666666666666666,-1.0,-3.6913859864512757
sample_0282.png,-1.0,-0.6666666666666666,-9.260221531171478
sample_0283.png,-0.3333333333333333,1.3333333333333333,-4.91656600601002
sample_0284.png,-0.3333333333333333,-1.3333333333333333,-2.462816675916847
sample_0285.png,1.0,-0.0,-6.818214571651869
sample_0286.png,0.0,-0.6666666666666666,-3.077455399424377
sample_0287.png,1.3333333333333333,-1.0,-0.6160599083992302
sample_0288.png,0.3333333333333333,1.3333333333333333,0.6160599083992302
sample_0289.png,0.6666666666666666,0.3333333333333333,2.462816675916847
sample_0290.png,0.6666666666666666,0.6666666666666666,-0.6160599083992302
sample_0291.png,0.0,1.3333333333333333,4.91656600601002
sample_0292.png,-1.0,1.3333333333333333,-6.818214571651869
sample_0293.png,0.0,-1.0,-5.527540151656172
sample_0294.png,0.6666666666666666,-1.0,0.0
sample_0295.png,0.0,0.6666666666666666,-6.137255949261988
sample_0296.png,0.0,1.0,-3.077455399424377
sample_0297.png,0.6666666666666666,1.3333333333333333,-9.865806943084367
sample_0298.png,-0.6666666666666666,0.6666666666666666,-8.652541791114725
sample_0299.png,1.3333333333333333,1.3333333333333333,-0.6160599083992302
sample_0300.png,1.3333333333333333,-1.3333333333333333,1.8476102659945959
sample_0301.png,-0.6666666666666666,1.3333333333333333,6.818214571651869
sample_0302.png,-0.6666666666666666,-0.6666666666666666,0.6160599083992302
sample_0303.png,0.6666666666666666,-1.0,-6.203447901691836
sample_0304.png,1.0,1.0,2.462816675916847
sample_0305.png,0.6666666666666666,1.3333333333333333,9.865806943084367
sample_0306.png,0.0,-1.3333333333333333,9.865806943084367
sample_0307.png,-1.0,-1.0,5.527540151656172
sample_0308.png,0.0,-0.3333333333333333,2.462816675916847
sample_0309.png,-0.6666666666666666,-0.0,-6.203447901691836
sample_0310.png,-0.3333333333333333,-0.3333333333333333,-9.865806943084367
sample_0311.png,-0.3333333333333333,-1.3333333333333333,9.260221531171478
sample_0312.png,0.3333333333333333,-1.3333333333333333,-1.231977402639728
sample_0313.png,-0.6666666666666666,-0.0,-8.652541791114725
sample_0314.png,0.0,1.3333333333333333,-8.042894233505312
sample_0315.png,-1.3333333333333333,1.3333333333333333,-8.652541791114725
sample_0316.png,0.6666666666666666,-0.6666666666666666,3.6913859864512757
sample_0317.png,1.3333333333333333,0.3333333333333333,5.527540151656172
sample_0318.png,-0.6666666666666666,-1.0,-4.91656600601002
sample_0319.png,-0.3333333333333333,-1.3333333333333333,3.077455399424377
sample_0320.png,-0.6666666666666666,1.3333333333333333,-9.260221531171478
sample_0321.png,0.6666666666666666,0.3333333333333333,0.6160599083992302
sample_0322.png,-1.3333333333333333,0.6666666666666666,0.6160599083992302
sample_0323.png,0.0,-1.0,0.6160599083992302
sample_0324.png,-0.6666666666666666,-0.0,-3.6913859864512757
sample_0325.png,0.0,1.3333333333333333,0.6160599083992302
sample_0326.png,-0.6666666666666666,1.3333333333333333,-8.042894233505312
sample_0327.png,1.0,0.6666666666666666,-9.260221531171478
sample_0328.png,-0.6666666666666666,-1.0,4.304468960507983
sample_0329.png,-1.0,0.3333333333333333,-5.527540151656172
sample_0330.png,-0.3333333333333333,-0.3333333333333333,6.818214571651869
sample_0331.png,1.0,0.6666666666666666,2.462816675916847
sample_0332.png,-0.3333333333333333,-1.0,-7.431407971172507
sample_0333.png,-0.3333333333333333,-0.3333333333333333,-4.91656600601002
sample_0334.png,0.0,-0.3333333333333333,8.652541791114725
sample_0335.png,-0.3333333333333333,-1.3333333333333333,4.304468960507983
sample_0336.png,-1.3333333333333333,0.3333333333333333,-7.431407971172507
sample_0337.png,1.0,1.0,6.818214571651869
sample_0338.png,0.6666666666666666,1.3333333333333333,4.304468960507983
sample_0339.png,0.3333333333333333,0.3333333333333333,-4.304468960507983
sample_0340.png,0.6666666666666666,0.3333333333333333,1.8476102659945959
sample_0341.png,0.3333333333333333,0.3333333333333333,9.865806943084367
sample_0342.png,-0.3333333333333333,0.3333333333333333,-3.077455399424377
sample_0343.png,-1.3333333333333333,-0.3333333333333333,-2.462816675916847
sample_0344.png,1.0,1.3333333333333333,6.203447901691836
sample_0345.png,1.3333333333333333,-0.3333333333333333,-9.260221531171478
sample_0346.png,1.0,-0.6666666666666666,-5.527540151656172
sample_0347.png,-0.3333333333333333,1.0,-1.8476102659945959
sample_0348.png,1.3333333333333333,-1.3333333333333333,-3.077455399424377
sample_0349.png,-1.0,1.0,0.0
sample_0350.png,0.0,0.6666666666666666,-2.462816675916847
sample_0351.png,0.0,1.0,-4.91656600601002
sample_0352.png,0.0,-0.0,-3.6913859864512757
sample_0353.png,-1.0,0.3333333333333333,6.818214571651869
sample_0354.png,-0.6666666666666666,-0.3333333333333333,2.462816675916847
sample_0355.png,-0.3333333333333333,1.0,-0.6160599083992302
sample_0356.png,0.0,-1.3333333333333333,8.042894233505312
sample_0357.png,0.3333333333333333,1.3333333333333333,-1.8476102659945959
sample_0358.png,0.0,-1.3333333333333333,-9.865806943084367
sample_0359.png,0.6666666666666666,0.3333333333333333,6.818214571651869
sample_0360.png,-0.6666666666666666,-1.3333333333333333,1.8476102659945959
sample_0361.png,1.0,-0.6666666666666666,-2.462816675916847
sample_0362.png,1.0,-0.3333333333333333,-3.6913859864512757
sample_0363.png,-1.0,0.3333333333333333,3.077455399424377
sample_0364.png,1.0,-1.3333333333333333,0.6160599083992302
sample_0365.png,-0.6666666666666666,0.3333333333333333,3.077455399424377
sample_0366.png,0.3333333333333333,1.0,-4.91656600601002
sample_0367.png,-1.3333333333333333,-1.0,-9.865806943084367
sample_0368.png,-1.0,0.6666666666666666,3.6913859864512757
sample_0369.png,-1.0,1.3333333333333333,3.077455399424377
sample_0370.png,-1.3333333333333333,-0.6666666666666666,-1.231977402639728
sample_0371.png,-0.6666666666666666,1.3333333333333333,-1.8476102659945959
sample_0372.png,1.0,-0.6666666666666666,-8.042894233505312
sample_0373.png,0.6666666666666666,0.3333333333333333,-4.304468960507983
sample_0374.png,-0.6666666666666666,0.3333333333333333,6.203447901691836
sample_0375.png,1.3333333333333333,0.3333333333333333,0.6160599083992302
sample_0376.png,0.6666666666666666,-0.0,-9.865806943084367
sample_0377.png,0.6666666666666666,0.3333333333333333,-3.077455399424377
sample_0378.png,1.3333333333333333,0.6666666666666666,5.527540151656172
sample_0379.png,-1.3333333333333333,-1.3333333333333333,5.527540151656172
sample_0380.png,-0.6666666666666666,-0.0,5.527540151656172
sample_0381.png,0.3333333333333333,0.3333333333333333,-1.8476102659945959
sample_0382.png,-0.6666666666666666,-0.3333333333333333,8.652541791114725
sample_0383.png,0.0,1.3333333333333333,6.203447901691836
sample_0384.png,0.6666666666666666,-1.3333333333333333,-6.818214571651869
sample_0385.png,0.0,-0.3333333333333333,-6.203447901691836
sample_0386.png,1.0,-1.3333333333333333,-9.865806943084367
sample_0387.png,-1.3333333333333333,-0.0,-2.462816675916847
sample_0388.png,-1.3333333333333333,0.3333333333333333,-1.8476102659945959
sample_0389.png,-0.6666666666666666,-1.0,0.0
sample_0390.png,-1.0,-1.3333333333333333,4.304468960507983
sample_0391.png,0.6666666666666666,-0.6666666666666666,4.304468960507983
sample_0392.png,-1.3333333333333333,-0.0,-7.431407971172507
sample_0393.png,0.0,0.6666666666666666,3.6913859864512757
sample_0394.png,-1.3333333333333333,-0.3333333333333333,-4.91656600601002
sample_0395.png,-1.3333333333333333,-0.6666666666666666,-6.818214571651869
sample_0396.png,-1.0,1.3333333333333333,3.077455399424377
sample_0397.png,-1.3333333333333333,-1.0,-3.6913859864512757
sample_0398.png,1.0,-0.6666666666666666,1.231977402639728
sample_0399.png,0.0,-1.0,-2.462816675916847
sample_0400.png,-0.6666666666666666,0.3333333333333333,-0.6160599083992302
sample_0401.png,0.3333333333333333,-1.0,0.0
sample_0402.png,-0.3333333333333333,1.0,1.8476102659945959
sample_0403.png,-1.3333333333333333,0.6666666666666666,-5.527540151656172
sample_0404.png,-1.3333333333333333,1.0,9.865806943084367
sample_0405.png,-0.6666666666666666,1.3333333333333333,8.652541791114725
sample_0406.png,0.3333333333333333,1.3333333333333333,5.527540151656172
sample_0407.png,0.3333333333333333,-0.0,-4.91656600601002
sample_0408.png,-0.3333333333333333,-1.3333333333333333,-4.304468960507983
sample_0409.png,-1.0,-0.6666666666666666,8.042894233505312
sample_0410.png,-0.3333333333333333,-1.0,4.304468960507983
sample_0411.png,1.0,-0.3333333333333333,1.8476102659945959
sample_0412.png,0.0,0.6666666666666666,-9.865806943084367
sample_0413.png,-0.6666666666666666,-1.0,1.8476102659945959
sample_0414.png,0.0,-0.6666666666666666,2.462816675916847
sample_0415.png,-1.0,-1.0,-5.527540151656172
sample_0416.png,0.3333333333333333,0.6666666666666666,0.6160599083992302
sample_0417.png,-1.3333333333333333,-1.3333333333333333,5.527540151656172
sample_0418.png,1.3333333333333333,1.3333333333333333,5.527540151656172
sample_0419.png,-1.3333333333333333,1.0,6.818214571651869
sample_0420.png,0.6666666666666666,-1.3333333333333333,-3.6913859864512757
sample_0421.png,-0.6666666666666666,0.6666666666666666,6.818214571651869
sample_0422.png,-1.0,-1.0,-3.077455399424377
sample_0423.png,0.0,-0.3333333333333333,0.6160599083992302
sample_0424.png,0.0,-0.3333333333333333,-3.6913859864512757
sample_0425.png,-0.3333333333333333,1.3333333333333333,9.260221531171478
sample_0426.png,0.0,-0.6666666666666666,-9.260221531171478
sample_0427.png,1.3333333333333333,-1.0,7.431407971172507
sample_0428.png,1.0,-0.0,1.231977402639728
sample_0429.png,-0.6666666666666666,-1.0,8.042894233505312
sample_0430.png,-0.6666666666666666,-1.3333333333333333,2.462816675916847
sample_0431.png,0.3333333333333333,1.0,-9.865806943084367
sample_0432.png,0.0,-1.3333333333333333,5.527540151656172
sample_0433.png,0.0,-0.3333333333333333,3.6913859864512757
sample_0434.png,0.0,1.0,-0.6160599083992302
sample_0435.png,1.0,-0.6666666666666666,3.077455399424377
sample_0436.png,0.3333333333333333,0.3333333333333333,-5.527540151656172
sample_0437.png,-1.0,-0.0,5.527540151656172
sample_0438.png,0.0,1.0,-9.260221531171478
sample_0439.png,-1.0,-0.3333333333333333,8.042894233505312
sample_0440.png,-1.3333333333333333,0.6666666666666666,1.231977402639728
sample_0441.png,0.0,-0.6666666666666666,2.462816675916847
sample_0442.png,-1.3333333333333333,-0.3333333333333333,-9.865806943084367
sample_0443.png,1.0,-0.0,3.6913859864512757
sample_0444.png,-0.3333333333333333,1.3333333333333333,-7.431407971172507
sample_0445.png,0.0,-0.3333333333333333,6.203447901691836
sample_0446.png,-0.6666666666666666,1.0,1.8476102659945959
sample_0447.png,-1.3333333333333333,1.3333333333333333,3.6913859864512757
sample_0448.png,-0.6666666666666666,-1.0,1.231977402639728
sample_0449.png,-0.6666666666666666,1.0,9.260221531171478
sample_0450.png,-0.3333333333333333,-1.0,-7.431407971172507
sample_0451.png,0.3333333333333333,-1.0,9.260221531171478
sample_0452.png,-0.6666666666666666,0.3333333333333333,8.042894233505312
sample_0453.png,-0.6666666666666666,-1.3333333333333333,0.6160599083992302
sample_0454.png,1.0,-0.6666666666666666,-2.462816675916847
sample_0455.png,0.6666666666666666,1.3333333333333333,5.527540151656172
sample_0456.png,1.3333333333333333,-1.3333333333333333,4.304468960507983
sample_0457.png,0.0,-0.0,-1.8476102659945959
sample_0458.png,1.3333333333333333,0.6666666666666666,3.077455399424377
sample_0459.png,0.0,-0.3333333333333333,0.6160599083992302
sample_0460.png,1.0,1.3333333333333333,-6.818214571651869
sample_0461.png,1.3333333333333333,-0.0,-6.203447901691836
sample_0462.png,-0.6666666666666666,-1.3333333333333333,-1.231977402639728
sample_0463.png,0.3333333333333333,0.6666666666666666,-2.462816675916847
sample_0464.png,1.0,1.3333333333333333,0.0
sample_0465.png,1.3333333333333333,-0.3333333333333333,-8.042894233505312
sample_0466.png,-1.3333333333333333,0.6666666666666666,4.304468960507983
sample_0467.png,-1.0,-0.3333333333333333,-6.203447901691836
sample_0468.png,0.0,-0.0,-8.042894233505312
sample_0469.png,-1.0,1.0,-9.260221531171478
sample_0470.png,-0.6666666666666666,-1.3333333333333333,5.527540151656172
sample_0471.png,1.0,-1.0,-1.8476102659945959
sample_0472.png,0.6666666666666666,1.0,0.6160599083992302
sample_0473.png,0.6666666666666666,-1.3333333333333333,1.231977402639728
sample_0474.png,1.3333333333333333,1.0,-0.6160599083992302
sample_0475.png,1.0,-0.0,-0.6160599083992302
sample_0476.png,0.3333333333333333,-0.0,-9.260221531171478
sample_0477.png,1.3333333333333333,0.3333333333333333,8.652541791114725
sample_0478.png,-1.3333333333333333,-1.0,9.260221531171478
sample_0479.png,-0.3333333333333333,1.0,-4.91656600601002
sample_0480.png,-1.3333333333333333,0.3333333333333333,1.231977402639728
sample_0481.png,0.0,1.3333333333333333,8.042894233505312
sample_0482.png,-0.6666666666666666,-0.6666666666666666,9.260221531171478
sample_0483.png,0.0,1.3333333333333333,1.231977402639728
sample_0484.png,0.3333333333333333,-0.3333333333333333,-8.042894233505312
sample_0485.png,0.6666666666666666,0.3333333333333333,0.6160599083992302
sample_0486.png,0.6666666666666666,-0.3333333333333333,-5.527540151656172
sample_0487.png,-0.3333333333333333,-0.0,-8.042894233505312
sample_0488.png,-0.6666666666666666,-0.0,3.6913859864512757
sample_0489.png,-1.0,-0.0,-1.231977402639728
sample_0490.png,1.3333333333333333,-0.6666666666666666,-6.203447901691836
sample_0491.png,-0.3333333333333333,0.3333333333333333,6.203447901691836
sample_0492.png,-0.3333333333333333,1.3333333333333333,9.260221531171478
sample_0493.png,1.3333333333333333,-1.0,-5.527540151656172
sample_0494.png,-1.3333333333333333,0.3333333333333333,6.203447901691836
sample_0495.png,-1.0,1.3333333333333333,9.260221531171478
sample_0496.png,1.3333333333333333,0.6666666666666666,-9.260221531171478
sample_0497.png,-0.3333333333333333,0.6666666666666666,3.6913859864512757
sample_0498.png,1.3333333333333333,-0.6666666666666666,0.0
sample_0499.png,-1.3333333333333333,1.0,-3.077455399424377
sample_0500.png,1.0,1.3333333333333333,-4.91656600601002
sample_0501.png,1.0,-1.0,-1.8476102659945959
sample_0502.png,1.3333333333333333,0.6666666666666666,-9.260221531171478
sample_0503.png,-1.0,-0.6666666666666666,8.652541791114725
sample_0504.png,-1.3333333333333333,-0.6666666666666666,-7.431407971172507
sample_0505.png,-0.3333333333333333,-0.0,-7.431407971172507
sample_0506.png,-1.3333333333333333,0.6666666666666666,3.077455399424377
sample_0507.png,-1.0,-0.6666666666666666,-3.6913859864512757
sample_0508.png,-0.6666666666666666,-0.6666666666666666,-6.818214571651869
sample_0509.png,-1.3333333333333333,1.0,-3.6913859864512757
sample_0510.png,1.0,1.0,4.304468960507983
sample_0511.png,-0.6666666666666666,-0.0,-1.231977402639728
sample_0512.png,1.0,0.6666666666666666,3.077455399424377
sample_0513.png,0.6666666666666666,-0.0,-3.6913859864512757
sample_0514.png,-0.3333333333333333,1.3333333333333333,8.652541791114725
sample_0515.png,0.0,-1.3333333333333333,8.042894233505312
sample_0516.png,-0.6666666666666666,-0.6666666666666666,3.077455399424377
sample_0517.png,0.0,0.6666666666666666,0.0
sample_0518.png,0.3333333333333333,-0.0,3.6913859864512757
sample_0519.png,0.3333333333333333,0.6666666666666666,8.652541791114725
sample_0520.png,1.0,-1.3333333333333333,8.652541791114725
sample_0521.png,-1.0,-0.6666666666666666,-1.231977402639728
sample_0522.png,-0.6666666666666666,-1.3333333333333333,4.304468960507983
sample_0523.png,1.3333333333333333,-0.0,0.0
sample_0524.png,0.0,0.6666666666666666,-3.6913859864512757
sample_0525.png,-1.3333333333333333,-1.0,-0.6160599083992302
sample_0526.png,0.6666666666666666,0.6666666666666666,2.462816675916847
sample_0527.png,1.3333333333333333,-1.3333333333333333,-4.304468960507983
sample_0528.png,0.6666666666666666,1.3333333333333333,7.431407971172507
sample_0529.png,-1.0,-0.3333333333333333,-1.8476102659945959
sample_0530.png,0.0,-0.3333333333333333,-4.304468960507983
sample_0531.png,0.6666666666666666,0.6666666666666666,1.231977402639728
sample_0532.png,0.6666666666666666,-0.3333333333333333,6.818214571651869
sample_0533.png,-0.6666666666666666,-1.3333333333333333,-7.431407971172507
sample_0534.png,0.3333333333333333,-0.3333333333333333,3.6913859864512757
sample_0535.png,0.3333333333333333,0.6666666666666666,-3.6913859864512757
sample_0536.png,-1.0,-0.6666666666666666,-4.91656600601002
sample_0537.png,1.0,-0.3333333333333333,6.818214571651869
sample_0538.png,1.0,0.3333333333333333,9.865806943084367
sample_0539.png,0.6666666666666666,-0.6666666666666666,0.0
sample_0540.png,0.6666666666666666,1.3333333333333333,-9.260221531171478
sample_0541.png,1.3333333333333333,-0.0,4.304468960507983
sample_0542.png,0.3333333333333333,1.3333333333333333,-6.818214571651869
sample_0543.png,0.6666666666666666,0.6666666666666666,9.865806943084367
sample_0544.png,-1.3333333333333333,1.0,-5.527540151656172
sample_0545.png,0.3333333333333333,-0.3333333333333333,-3.6913859864512757
sample_0546.png,0.0,0.6666666666666666,-4.91656600601002
sample_0547.png,0.3333333333333333,-0.3333333333333333,9.260221531171478
sample_0548.png,0.3333333333333333,-1.0,-4.91656600601002
sample_0549.png,0.3333333333333333,1.3333333333333333,2.462816675916847
sample_0550.png,-0.6666666666666666,-0.6666666666666666,8.652541791114725
sample_0551.png,1.0,-1.0,-2.462816675916847
sample_0552.png,0.6666666666666666,-1.0,3.6913859864512757
sample_0553.png,-1.3333333333333333,-0.6666666666666666,-3.077455399424377
sample_0554.png,-1.0,1.0,-7.431407971172507
sample_0555.png,-0.6666666666666666,1.3333333333333333,-1.8476102659945959
sample_0556.png,0.0,-0.0,3.077455399424377
sample_0557.png,-0.6666666666666666,-0.6666666666666666,-0.6160599083992302
sample_0558.png,0.6666666666666666,-0.3333333333333333,6.203447901691836
sample_0559.png,-1.0,1.3333333333333333,8.042894233505312
sample_0560.png,1.3333333333333333,-0.6666666666666666,3.6913859864512757
sample_0561.png,1.0,0.3333333333333333,-8.042894233505312
sample_0562.png,1.0,0.6666666666666666,3.6913859864512757
sample_0563.png,-1.3333333333333333,-0.0,-0.6160599083992302
sample_0564.png,-0.6666666666666666,1.3333333333333333,0.0
sample_0565.png,1.3333333333333333,-0.6666666666666666,8.042894233505312
sample_0566.png,0.6666666666666666,-1.0,6.818214571651869
sample_0567.png,-1.3333333333333333,-1.3333333333333333,-0.6160599083992302
sample_0568.png,-1.3333333333333333,-0.0,-6.203447901691836
sample_0569.png,0.6666666666666666,1.3333333333333333,-1.8476102659945959
sample_0570.png,0.3333333333333333,1.3333333333333333,-4.304468960507983
sample_0571.png,1.0,-0.0,-6.203447901691836
sample_0572.png,1.0,-1.3333333333333333,0.0
sample_0573.png,-0.6666666666666666,1.3333333333333333,-6.203447901691836
sample_0574.png,1.0,-1.3333333333333333,8.042894233505312
sample_0575.png,0.6666666666666666,-0.3333333333333333,4.304468960507983
sample_0576.png,1.0,-1.0,4.304468960507983
sample_0577.png,-1.0,1.0,4.304468960507983
sample_0578.png,0.0,1.0,-5.527540151656172
sample_0579.png,1.0,1.0,-4.304468960507983
sample_0580.png,-0.3333333333333333,-0.6666666666666666,8.042894233505312
sample_0581.png,-0.3333333333333333,-0.3333333333333333,8.042894233505312
sample_0582.png,0.3333333333333333,-0.3333333333333333,9.865806943084367
sample_0583.png,0.6666666666666666,0.6666666666666666,9.260221531171478
sample_0584.png,1.3333333333333333,0.6666666666666666,-3.6913859864512757
sample_0585.png,-0.6666666666666666,-0.0,-9.260221531171478
sample_0586.png,1.3333333333333333,-0.0,-0.6160599083992302
sample_0587.png,-0.3333333333333333,-0.6666666666666666,-7.431407971172507
sample_0588.png,0.0,-0.0,1.8476102659945959
sample_0589.png,-1.3333333333333333,1.3333333333333333,-8.042894233505312
sample_0590.png,0.0,-0.0,-4.304468960507983
sample_0591.png,1.0,-0.6666666666666666,6.818214571651869
sample_0592.png,-1.3333333333333333,1.3333333333333333,4.91656600601002
sample_0593.png,0.6666666666666666,-0.6666666666666666,8.652541791114725
sample_0594.png,1.3333333333333333,-0.6666666666666666,4.304468960507983
sample_0595.png,0.0,-1.0,0.0
sample_0596.png,-0.6666666666666666,-0.3333333333333333,4.91656600601002
sample_0597.png,-1.3333333333333333,0.3333333333333333,4.304468960507983
sample_0598.png,-0.3333333333333333,-0.0,8.652541791114725
sample_0599.png,0.3333333333333333,0.3333333333333333,-6.818214571651869
sample_0600.png,-0.3333333333333333,-1.0,-1.8476102659945959
sample_0601.png,-0.6666666666666666,0.6666666666666666,-4.304468960507983
sample_0602.png,1.3333333333333333,-0.6666666666666666,8.652541791114725
sample_0603.png,0.6666666666666666,0.3333333333333333,0.0
sample_0604.png,0.3333333333333333,-1.0,8.042894233505312
sample_0605.png,0.3333333333333333,1.0,8.652541791114725
sample_0606.png,-0.3333333333333333,0.3333333333333333,-8.042894233505312
sample_0607.png,-0.6666666666666666,0.6666666666666666,4.91656600601002
sample_0608.png,-1.3333333333333333,1.3333333333333333,-1.8476102659945959
sample_0609.png,0.3333333333333333,0.3333333333333333,-5.527540151656172
sample_0610.png,-1.0,1.3333333333333333,3.6913859864512757
sample_0611.png,0.3333333333333333,0.3333333333333333,9.865806943084367
sample_0612.png,-1.3333333333333333,-0.3333333333333333,-9.260221531171478
sample_0613.png,-0.3333333333333333,-0.3333333333333333,9.260221531171478
sample_0614.png,-1.3333333333333333,0.3333333333333333,4.304468960507983
sample_0615.png,1.3333333333333333,1.0,3.6913859864512757
sample_0616.png,-0.6666666666666666,1.0,8.042894233505312
sample_0617.png,1.3333333333333333,-0.3333333333333333,-1.8476102659945959
sample_0618.png,1.3333333333333333,1.0,-5.527540151656172
sample_0619.png,-0.3333333333333333,1.0,5.527540151656172
sample_0620.png,0.6666666666666666,1.0,5.527540151656172
sample_0621.png,-0.6666666666666666,0.6666666666666666,9.260221531171478
sample_0622.png,-1.3333333333333333,-0.6666666666666666,9.260221531171478
sample_0623.png,1.3333333333333333,-0.3333333333333333,-4.304468960507983
sample_0624.png,-1.3333333333333333,0.3333333333333333,0.0
sample_0625.png,0.0,-1.3333333333333333,9.260221531171478
sample_0626.png,0.0,-0.3333333333333333,-5.527540151656172
sample_0627.png,-0.3333333333333333,0.3333333333333333,6.203447901691836
sample_0628.png,0.0,0.6666666666666666,0.0
sample_0629.png,-0.3333333333333333,-1.3333333333333333,9.260221531171478
sample_0630.png,0.6666666666666666,0.6666666666666666,-4.91656600601002
sample_0631.png,-1.3333333333333333,-1.0,-1.8476102659945959
sample_0632.png,0.3333333333333333,-1.0,-1.231977402639728
sample_0633.png,-0.6666666666666666,-0.6666666666666666,-9.260221531171478
sample_0634.png,0.3333333333333333,0.6666666666666666,-5.527540151656172
sample_0635.png,0.3333333333333333,-0.3333333333333333,-8.042894233505312
sample_0636.png,0.3333333333333333,-1.0,-7.431407971172507
sample_0637.png,-1.3333333333333333,-1.0,3.6913859864512757
sample_0638.png,1.3333333333333333,-0.0,-2.462816675916847
sample_0639.png,-0.6666666666666666,-0.3333333333333333,5.527540151656172
sample_0640.png,-0.6666666666666666,-0.6666666666666666,-6.818214571651869
sample_0641.png,0.6666666666666666,1.3333333333333333,8.652541791114725
sample_0642.png,-1.0,-1.3333333333333333,-1.8476102659945959
sample_0643.png,-0.3333333333333333,-0.6666666666666666,1.8476102659945959
sample_0644.png,1.0,-1.3333333333333333,-1.231977402639728
sample_0645.png,0.6666666666666666,-0.6666666666666666,5.527540151656172
sample_0646.png,-0.3333333333333333,-0.6666666666666666,-6.818214571651869
sample_0647.png,-0.6666666666666666,-0.3333333333333333,-3.6913859864512757
sample_0648.png,-0.6666666666666666,0.6666666666666666,-4.304468960507983
sample_0649.png,-1.0,-1.3333333333333333,4.91656600601002
sample_0650.png,0.0,-0.3333333333333333,-6.203447901691836
sample_0651.png,-0.6666666666666666,-0.6666666666666666,9.865806943084367
sample_0652.png,-1.3333333333333333,-0.0,1.231977402639728
sample_0653.png,-1.3333333333333333,-1.3333333333333333,-2.462816675916847
sample_0654.png,-1.3333333333333333,-1.0,9.865806943084367
sample_0655.png,0.0,-0.3333333333333333,-1.231977402639728
sample_0656.png,-1.3333333333333333,-0.3333333333333333,0.0
sample_0657.png,0.3333333333333333,-1.3333333333333333,-6.203447901691836
sample_0658.png,1.0,1.3333333333333333,-5.527540151656172
sample_0659.png,-0.3333333333333333,0.6666666666666666,-1.231977402639728
sample_0660.png,-0.6666666666666666,-1.0,6.203447901691836
sample_0661.png,0.3333333333333333,-0.0,4.304468960507983
sample_0662.png,1.0,-1.0,9.260221531171478
sample_0663.png,0.0,0.6666666666666666,-4.91656600601002
sample_0664.png,1.3333333333333333,-0.6666666666666666,1.8476102659945959
sample_0665.png,0.3333333333333333,-0.6666666666666666,-7.431407971172507
sample_0666.png,0.6666666666666666,-1.0,-5.527540151656172
sample_0667.png,-1.3333333333333333,1.0,-8.042894233505312
sample_0668.png,1.3333333333333333,-0.0,-3.077455399424377
sample_0669.png,-0.6666666666666666,-0.0,0.0
sample_0670.png,0.0,-0.3333333333333333,6.203447901691836
sample_0671.png,1.3333333333333333,-0.0,3.6913859864512757
sample_0672.png,-1.3333333333333333,0.3333333333333333,-3.077455399424377
sample_0673.png,-1.3333333333333333,-0.6666666666666666,1.231977402639728
sample_0674.png,1.3333333333333333,1.3333333333333333,-6.818214571651869
sample_0675.png,-1.0,-1.3333333333333333,6.818214571651869
sample_0676.png,-0.6666666666666666,-0.0,2.462816675916847
sample_0677.png,-0.3333333333333333,-0.6666666666666666,-2.462816675916847
sample_0678.png,-0.3333333333333333,-1.3333333333333333,-2.462816675916847
sample_0679.png,1.3333333333333333,0.6666666666666666,-8.042894233505312
sample_0680.png,-0.3333333333333333,0.6666666666666666,-1.231977402639728
sample_0681.png,0.6666666666666666,1.3333333333333333,-3.077455399424377
sample_0682.png,1.0,-0.3333333333333333,-1.231977402639728
sample_0683.png,1.0,-0.3333333333333333,-8.652541791114725
sample_0684.png,0.6666666666666666,-0.0,-1.8476102659945959
sample_0685.png,0.6666666666666666,0.6666666666666666,1.231977402639728
sample_0686.png,-0.6666666666666666,0.6666666666666666,-0.6160599083992302
sample_0687.png,-1.3333333333333333,1.0,5.527540151656172
sample_0688.png,0.0,1.0,6.818214571651869
sample_0689.png,0.3333333333333333,1.0,3.6913859864512757
sample_0690.png,0.3333333333333333,0.3333333333333333,-8.652541791114725
sample_0691.png,1.0,1.0,5.527540151656172
sample_0692.png,-1.0,-0.3333333333333333,0.6160599083992302
sample_0693.png,0.3333333333333333,-1.0,-3.077455399424377
sample_0694.png,1.3333333333333333,-1.3333333333333333,-8.652541791114725
sample_0695.png,0.3333333333333333,1.0,7.431407971172507
sample_0696.png,1.3333333333333333,1.3333333333333333,6.818214571651869
sample_0697.png,0.3333333333333333,-0.6666666666666666,-3.6913859864512757
sample_0698.png,-0.6666666666666666,0.3333333333333333,5.527540151656172
sample_0699.png,-1.3333333333333333,1.3333333333333333,-8.652541791114725
sample_0700.png,0.0,-0.6666666666666666,0.0
sample_0701.png,0.6666666666666666,1.0,-3.077455399424377
sample_0702.png,1.0,0.6666666666666666,3.6913859864512757
sample_0703.png,-1.3333333333333333,0.6666666666666666,-6.203447901691836
sample_0704.png,-0.6666666666666666,-0.6666666666666666,6.818214571651869
sample_0705.png,0.3333333333333333,-1.0,-6.818214571651869
sample_0706.png,-0.3333333333333333,0.6666666666666666,-3.6913859864512757
sample_0707.png,-1.3333333333333333,1.0,-8.652541791114725
sample_0708.png,-0.6666666666666666,1.0,-5.527540151656172
sample_0709.png,-1.3333333333333333,-1.0,3.077455399424377
sample_0710.png,1.3333333333333333,-0.3333333333333333,6.818214571651869
sample_0711.png,1.3333333333333333,0.6666666666666666,8.042894233505312
sample_0712.png,0.3333333333333333,-0.6666666666666666,0.0
sample_0713.png,-0.6666666666666666,-0.0,-1.8476102659945959
sample_0714.png,0.0,-0.6666666666666666,-5.527540151656172
sample_0715.png,-0.6666666666666666,-1.3333333333333333,-6.818214571651869
sample_0716.png,-0.3333333333333333,-1.0,-1.231977402639728
sample_0717.png,-1.0,-0.0,-3.077455399424377
sample_0718.png,0.3333333333333333,0.6666666666666666,-1.231977402639728
sample_0719.png,-1.0,1.0,1.231977402639728
sample_0720.png,0.0,-0.6666666666666666,-8.652541791114725
sample_0721.png,1.0,-0.0,1.8476102659945959
sample_0722.png,0.6666666666666666,-0.6666666666666666,-4.304468960507983
sample_0723.png,-0.3333333333333333,-0.3333333333333333,3.077455399424377
sample_0724.png,0.3333333333333333,-0.6666666666666666,-3.6913859864512757
sample_0725.png,-1.3333333333333333,1.3333333333333333,1.8476102659945959
sample_0726.png,0.6666666666666666,-0.3333333333333333,8.652541791114725
sample_0727.png,-0.3333333333333333,-0.0,8.652541791114725
sample_0728.png,-1.0,-0.6666666666666666,4.91656600601002
sample_0729.png,0.6666666666666666,-0.3333333333333333,6.203447901691836
sample_0730.png,0.0,1.3333333333333333,0.6160599083992302
sample_0731.png,-0.3333333333333333,-0.0,-1.8476102659945959
sample_0732.png,0.3333333333333333,0.6666666666666666,3.077455399424377
sample_0733.png,-0.6666666666666666,-0.0,-3.077455399424377
sample_0734.png,1.3333333333333333,-0.3333333333333333,3.6913859864512757
sample_0735.png,-1.0,0.3333333333333333,5.527540151656172
sample_0736.png,-1.3333333333333333,-0.0,-6.203447901691836
sample_0737.png,1.0,-0.0,-3.6913859864512757
sample_0738.png,-1.3333333333333333,1.3333333333333333,6.203447901691836
sample_0739.png,-1.3333333333333333,-0.6666666666666666,-3.077455399424377
sample_0740.png,-1.0,1.3333333333333333,9.260221531171478
sample_0741.png,0.3333333333333333,1.3333333333333333,4.304468960507983
sample_0742.png,-0.3333333333333333,-1.3333333333333333,-6.818214571651869
sample_0743.png,1.0,0.3333333333333333,-5.527540151656172
sample_0744.png,1.3333333333333333,-0.6666666666666666,-7.431407971172507
sample_0745.png,0.0,1.0,-2.462816675916847
sample_0746.png,0.0,0.6666666666666666,-9.260221531171478
sample_0747.png,-1.0,-1.0,-4.304468960507983
sample_0748.png,-0.3333333333333333,1.0,0.0
sample_0749.png,1.3333333333333333,1.0,-1.8476102659945959
sample_0750.png,-0.3333333333333333,-0.0,-1.231977402639728
sample_0751.png,-0.3333333333333333,1.3333333333333333,-9.260221531171478
sample_0752.png,-1.3333333333333333,-0.3333333333333333,-6.203447901691836
sample_0753.png,-0.6666666666666666,-0.3333333333333333,-3.6913859864512757
sample_0754.png,0.3333333333333333,-0.0,-3.6913859864512757
sample_0755.png,-0.3333333333333333,-0.3333333333333333,8.652541791114725
sample_0756.png,-0.6666666666666666,-0.0,-5.527540151656172
sample_0757.png,-0.3333333333333333,1.3333333333333333,0.0
sample_0758.png,0.3333333333333333,-0.0,-1.8476102659945959
sample_0759.png,0.6666666666666666,1.3333333333333333,8.652541791114725
sample_0760.png,1.3333333333333333,-0.3333333333333333,6.818214571651869
sample_0761.png,-0.6666666666666666,1.3333333333333333,8.042894233505312
sample_0762.png,-0.3333333333333333,0.6666666666666666,8.042894233505312
sample_0763.png,0.0,0.6666666666666666,8.042894233505312
sample_0764.png,-1.0,1.3333333333333333,2.462816675916847
sample_0765.png,0.3333333333333333,-0.6666666666666666,-4.91656600601002
sample_0766.png,0.6666666666666666,-0.6666666666666666,-3.077455399424377
sample_0767.png,0.3333333333333333,0.6666666666666666,9.260221531171478
sample_0768.png,-1.0,-0.6666666666666666,3.6913859864512757
sample_0769.png,0.3333333333333333,-0.0,6.203447901691836
sample_0770.png,-1.3333333333333333,1.3333333333333333,-5.527540151656172
sample_0771.png,-1.3333333333333333,-1.3333333333333333,8.652541791114725
sample_0772.png,-0.6666666666666666,1.3333333333333333,-4.91656600601002
sample_0773.png,0.0,-0.3333333333333333,3.6913859864512757
sample_0774.png,1.3333333333333333,-1.0,-4.91656600601002
sample_0775.png,-1.3333333333333333,-0.6666666666666666,5.527540151656172
sample_0776.png,0.0,-0.0,7.431407971172507
sample_0777.png,1.0,1.3333333333333333,-8.652541791114725
sample_0778.png,1.0,-0.3333333333333333,-6.203447901691836
sample_0779.png,0.3333333333333333,0.3333333333333333,4.304468960507983
sample_0780.png,0.3333333333333333,-0.3333333333333333,3.6913859864512757
sample_0781.png,1.0,-1.0,1.231977402639728
sample_0782.png,-1.3333333333333333,-0.0,-4.91656600601002
sample_0783.png,1.0,0.6666666666666666,-4.304468960507983
sample_0784.png,-1.3333333333333333,1.0,-7.431407971172507
sample_0785.png,1.3333333333333333,0.3333333333333333,-0.6160599083992302
sample_0786.png,0.3333333333333333,-0.0,1.8476102659945959
sample_0787.png,1.0,-0.0,-9.260221531171478
sample_0788.png,0.6666666666666666,-1.0,4.304468960507983
sample_0789.png,-0.3333333333333333,1.0,6.818214571651869
sample_0790.png,1.0,-0.0,-6.203447901691836
sample_0791.png,-0.6666666666666666,-0.0,3.077455399424377
sample_0792.png,1.0,0.3333333333333333,4.91656600601002
sample_0793.png,-1.3333333333333333,-0.3333333333333333,-3.6913859864512757
sample_0794.png,1.3333333333333333,1.0,8.042894233505312
sample_0795.png,-0.6666666666666666,-0.6666666666666666,0.6160599083992302
sample_0796.png,1.0,0.3333333333333333,9.260221531171478
sample_0797.png,1.3333333333333333,1.0,-6.203447901691836
sample_0798.png,1.3333333333333333,-0.6666666666666666,0.0
sample_0799.png,-0.3333333333333333,-0.6666666666666666,-6.818214571651869
sample_0800.png,1.3333333333333333,-1.0,-4.304468960507983
sample_0801.png,0.6666666666666666,0.3333333333333333,6.818214571651869
sample_0802.png,-0.6666666666666666,0.3333333333333333,-3.077455399424377
sample_0803.png,-0.6666666666666666,-1.3333333333333333,-3.077455399424377
sample_0804.png,0.0,-0.3333333333333333,1.231977402639728
sample_0805.png,-0.3333333333333333,-1.0,-5.527540151656172
sample_0806.png,-0.3333333333333333,0.6666666666666666,-6.818214571651869
sample_0807.png,0.0,0.6666666666666666,0.0
sample_0808.png,-0.6666666666666666,-0.3333333333333333,6.818214571651869
sample_0809.png,-0.3333333333333333,-1.0,6.818214571651869
sample_0810.png,-0.6666666666666666,-0.0,-9.260221531171478
sample_0811.png,0.6666666666666666,1.0,-6.203447901691836
sample_0812.png,-0.6666666666666666,-0.6666666666666666,-3.077455399424377
sample_0813.png,0.0,1.0,7.431407971172507
sample_0814.png,0.3333333333333333,-1.3333333333333333,-2.462816675916847
sample_0815.png,-1.3333333333333333,-0.3333333333333333,3.077455399424377
sample_0816.png,0.6666666666666666,1.3333333333333333,-5.527540151656172
sample_0817.png,-1.3333333333333333,-1.3333333333333333,4.91656600601002
sample_0818.png,0.6666666666666666,-1.3333333333333333,-9.260221531171478
sample_0819.png,-0.3333333333333333,-1.0,8.652541791114725
sample_0820.png,-0.6666666666666666,-0.6666666666666666,-6.818214571651869
sample_0821.png,0.6666666666666666,0.6666666666666666,6.203447901691836
sample_0822.png,-0.3333333333333333,0.3333333333333333,4.91656600601002
sample_0823.png,-0.3333333333333333,0.6666666666666666,3.6913859864512757
sample_0824.png,-0.6666666666666666,0.6666666666666666,3.6913859864512757
sample_0825.png,0.0,-1.0,6.137255949261988
sample_0826.png,0.0,0.6666666666666666,3.077455399424377
sample_0827.png,-0.3333333333333333,-1.3333333333333333,-9.260221531171478
sample_0828.png,0.6666666666666666,-0.0,3.077455399424377
sample_0829.png,-0.6666666666666666,1.3333333333333333,-9.260221531171478
sample_0830.png,-1.0,1.3333333333333333,-4.91656600601002
sample_0831.png,-1.3333333333333333,0.3333333333333333,8.042894233505312
sample_0832.png,-0.6666666666666666,-0.3333333333333333,3.077455399424377
sample_0833.png,-0.6666666666666666,1.3333333333333333,-6.203447901691836
sample_0834.png,0.3333333333333333,1.0,-4.91656600601002
sample_0835.png,0.6666666666666666,-1.3333333333333333,-2.462816675916847
sample_0836.png,0.6666666666666666,1.0,8.042894233505312
sample_0837.png,0.3333333333333333,-1.3333333333333333,-8.042894233505312
sample_0838.png,1.3333333333333333,-1.0,3.6913859864512757
sample_0839.png,1.3333333333333333,-1.0,6.818214571651869
sample_0840.png,-0.3333333333333333,1.3333333333333333,-3.077455399424377
sample_0841.png,0.3333333333333333,-1.0,-0.6160599083992302
sample_0842.png,1.3333333333333333,0.3333333333333333,8.652541791114725
sample_0843.png,1.0,-0.3333333333333333,8.042894233505312
sample_0844.png,-0.6666666666666666,-0.6666666666666666,7.431407971172507
sample_0845.png,-1.3333333333333333,-1.0,3.077455399424377
sample_0846.png,0.6666666666666666,-0.3333333333333333,-4.91656600601002
sample_0847.png,-1.3333333333333333,-1.3333333333333333,-7.431407971172507
sample_0848.png,-1.0,-1.3333333333333333,9.260221531171478
sample_0849.png,-0.6666666666666666,-1.3333333333333333,-1.231977402639728
sample_0850.png,-0.3333333333333333,0.3333333333333333,8.652541791114725
sample_0851.png,1.3333333333333333,0.6666666666666666,6.137255949261988
sample_0852.png,-1.0,-1.0,-3.6913859864512757
sample_0853.png,-1.0,-0.6666666666666666,4.304468960507983
sample_0854.png,-1.3333333333333333,-0.6666666666666666,-4.304468960507983
sample_0855.png,-1.0,0.3333333333333333,0.0
sample_0856.png,-0.3333333333333333,-1.0,3.6913859864512757
sample_0857.png,-1.0,0.3333333333333333,7.431407971172507
sample_0858.png,-0.6666666666666666,-0.3333333333333333,-3.077455399424377
sample_0859.png,0.6666666666666666,0.3333333333333333,3.077455399424377
sample_0860.png,0.3333333333333333,-1.0,-8.042894233505312
sample_0861.png,0.3333333333333333,0.6666666666666666,-5.527540151656172
sample_0862.png,-0.3333333333333333,-0.6666666666666666,-1.8476102659945959
sample_0863.png,-1.0,-0.0,-4.91656600601002
sample_0864.png,1.3333333333333333,1.3333333333333333,8.652541791114725
sample_0865.png,-0.3333333333333333,-0.3333333333333333,-4.91656600601002
sample_0866.png,1.0,-0.3333333333333333,4.304468960507983
sample_0867.png,-0.6666666666666666,-0.6666666666666666,1.8476102659945959
sample_0868.png,0.6666666666666666,-1.0,-4.304468960507983
sample_0869.png,1.0,-0.3333333333333333,-7.431407971172507
sample_0870.png,1.3333333333333333,1.0,4.91656600601002
sample_0871.png,1.3333333333333333,0.6666666666666666,1.8476102659945959
sample_0872.png,-0.6666666666666666,-0.3333333333333333,6.818214571651869
sample_0873.png,0.3333333333333333,-0.6666666666666666,0.0
sample_0874.png,-0.3333333333333333,1.3333333333333333,8.042894233505312
sample_0875.png,-0.6666666666666666,-0.6666666666666666,-8.652541791114725
sample_0876.png,1.0,-0.6666666666666666,-8.652541791114725
sample_0877.png,0.3333333333333333,1.0,9.260221531171478
sample_0878.png,0.3333333333333333,-0.3333333333333333,-7.431407971172507
sample_0879.png,-1.3333333333333333,-0.3333333333333333,-3.6913859864512757
sample_0880.png,0.6666666666666666,-0.3333333333333333,0.0
sample_0881.png,-0.6666666666666666,-0.6666666666666666,-8.042894233505312
sample_0882.png,0.6666666666666666,-0.0,8.042894233505312
sample_0883.png,1.3333333333333333,-1.3333333333333333,-4.91656600601002
sample_0884.png,-0.3333333333333333,0.3333333333333333,-3.6913859864512757
sample_0885.png,-1.3333333333333333,-0.6666666666666666,-9.260221531171478
sample_0886.png,-1.0,0.6666666666666666,-8.652541791114725
sample_0887.png,0.3333333333333333,0.3333333333333333,-0.6160599083992302
sample_0888.png,-0.6666666666666666,0.3333333333333333,1.231977402639728
sample_0889.png,-1.0,1.0,-4.304468960507983
sample_0890.png,0.3333333333333333,-1.3333333333333333,-8.042894233505312
sample_0891.png,0.6666666666666666,-1.3333333333333333,-1.231977402639728
sample_0892.png,0.3333333333333333,-0.6666666666666666,8.042894233505312
sample_0893.png,0.6666666666666666,1.3333333333333333,1.231977402639728
sample_0894.png,0.6666666666666666,-1.0,-2.462816675916847
sample_0895.png,0.0,-1.3333333333333333,4.304468960507983
sample_0896.png,1.3333333333333333,1.3333333333333333,-7.431407971172507
sample_0897.png,0.3333333333333333,-0.3333333333333333,-4.91656600601002
sample_0898.png,-0.6666666666666666,1.0,-9.865806943084367
sample_0899.png,-1.0,-1.3333333333333333,1.8476102659945959
sample_0900.png,0.3333333333333333,-0.3333333333333333,7.431407971172507
sample_0901.png,-1.3333333333333333,1.3333333333333333,-6.818214571651869
sample_0902.png,-1.3333333333333333,-1.0,-5.527540151656172
sample_0903.png,1.0,1.3333333333333333,-8.652541791114725
sample_0904.png,0.0,0.6666666666666666,-4.304468960507983
sample_0905.png,-0.3333333333333333,-1.0,6.203447901691836
sample_0906.png,1.0,0.6666666666666666,3.077455399424377
sample_0907.png,-0.6666666666666666,1.3333333333333333,4.91656600601002
sample_0908.png,-1.3333333333333333,-1.0,-8.652541791114725
sample_0909.png,-0.3333333333333333,-0.3333333333333333,1.8476102659945959
sample_0910.png,-1.0,-0.3333333333333333,-8.042894233505312
sample_0911.png,0.0,1.0,-9.260221531171478
sample_0912.png,1.0,1.0,5.527540151656172
sample_0913.png,-1.3333333333333333,-0.0,-9.865806943084367
sample_0914.png,-0.6666666666666666,-0.6666666666666666,-0.6160599083992302
sample_0915.png,1.0,-1.0,3.077455399424377
sample_0916.png,1.0,-0.6666666666666666,-8.652541791114725
sample_0917.png,-0.6666666666666666,-0.0,1.8476102659945959
sample_0918.png,-1.3333333333333333,0.3333333333333333,-0.6160599083992302
sample_0919.png,1.3333333333333333,-0.6666666666666666,-8.652541791114725
sample_0920.png,-1.0,0.3333333333333333,-9.260221531171478
sample_0921.png,-1.3333333333333333,1.3333333333333333,-0.6160599083992302
sample_0922.png,0.6666666666666666,-0.0,8.652541791114725
sample_0923.png,-1.0,-0.0,5.527540151656172
sample_0924.png,0.6666666666666666,1.3333333333333333,5.527540151656172
sample_0925.png,-0.6666666666666666,1.0,-4.304468960507983
sample_0926.png,0.0,-1.0,-4.304468960507983
sample_0927.png,1.3333333333333333,0.6666666666666666,4.304468960507983
sample_0928.png,0.6666666666666666,0.6666666666666666,4.304468960507983
sample_0929.png,0.6666666666666666,0.3333333333333333,-9.260221531171478
sample_0930.png,0.0,1.3333333333333333,7.431407971172507
sample_0931.png,-1.3333333333333333,-0.0,-8.652541791114725
sample_0932.png,-1.0,1.0,-6.203447901691836
sample_0933.png,0.3333333333333333,0.6666666666666666,9.260221531171478
sample_0934.png,0.6666666666666666,-0.0,-3.077455399424377
sample_0935.png,-1.3333333333333333,-0.6666666666666666,-5.527540151656172
sample_0936.png,-0.3333333333333333,-1.0,0.0
sample_0937.png,-0.6666666666666666,-1.3333333333333333,-0.6160599083992302
sample_0938.png,1.3333333333333333,-0.0,-9.260221531171478
sample_0939.png,-0.6666666666666666,-0.3333333333333333,-1.8476102659945959
sample_0940.png,1.3333333333333333,-0.3333333333333333,4.304468960507983
sample_0941.png,0.6666666666666666,-0.3333333333333333,-8.652541791114725
sample_0942.png,0.3333333333333333,0.6666666666666666,6.203447901691836
sample_0943.png,-1.3333333333333333,0.6666666666666666,0.0
sample_0944.png,-1.0,-0.3333333333333333,-4.304468960507983
sample_0945.png,1.0,-1.0,7.431407971172507
sample_0946.png,-1.3333333333333333,1.0,1.8476102659945959
sample_0947.png,-1.3333333333333333,1.0,6.203447901691836
sample_0948.png,-0.6666666666666666,1.0,0.6160599083992302
sample_0949.png,-1.0,-0.3333333333333333,3.6913859864512757
sample_0950.png,0.0,0.3333333333333333,8.042894233505312
sample_0951.png,-0.6666666666666666,-0.3333333333333333,6.818214571651869
sample_0952.png,0.0,-1.0,2.462816675916847
sample_0953.png,0.0,-1.3333333333333333,9.865806943084367
sample_0954.png,1.0,-0.3333333333333333,0.6160599083992302
sample_0955.png,1.0,1.3333333333333333,0.0
sample_0956.png,0.0,1.3333333333333333,3.6913859864512757
sample_0957.png,1.3333333333333333,-0.3333333333333333,-6.818214571651869
sample_0958.png,-0.3333333333333333,-1.3333333333333333,-3.6913859864512757
sample_0959.png,0.3333333333333333,-1.0,-4.304468960507983
sample_0960.png,-1.0,1.0,-5.527540151656172
sample_0961.png,1.0,-1.3333333333333333,1.231977402639728
sample_0962.png,-1.3333333333333333,-1.3333333333333333,-0.6160599083992302
sample_0963.png,0.6666666666666666,-0.3333333333333333,1.231977402639728
sample_0964.png,1.3333333333333333,-0.6666666666666666,-4.91656600601002
sample_0965.png,-1.0,-0.0,1.231977402639728
sample_0966.png,1.3333333333333333,-1.0,7.431407971172507
sample_0967.png,0.6666666666666666,-0.0,-1.231977402639728
sample_0968.png,1.3333333333333333,-0.6666666666666666,0.0
sample_0969.png,-1.3333333333333333,0.6666666666666666,1.8476102659945959
sample_0970.png,0.3333333333333333,1.3333333333333333,7.431407971172507
sample_0971.png,1.0,0.6666666666666666,-4.304468960507983
sample_0972.png,-0.6666666666666666,1.3333333333333333,0.6160599083992302
sample_0973.png,-1.0,-0.0,-7.431407971172507
sample_0974.png,1.0,1.0,5.527540151656172
sample_0975.png,1.3333333333333333,0.3333333333333333,-7.431407971172507
sample_0976.png,-0.6666666666666666,-0.3333333333333333,3.6913859864512757
sample_0977.png,-1.3333333333333333,-1.0,9.260221531171478
sample_0978.png,0.3333333333333333,-0.0,-8.042894233505312
sample_0979.png,-1.0,-1.0,-4.304468960507983
sample_0980.png,-1.3333333333333333,1.3333333333333333,-1.231977402639728
sample_0981.png,0.6666666666666666,1.3333333333333333,1.231977402639728
sample_0982.png,0.0,-1.0,7.431407971172507
sample_0983.png,0.0,-0.0,1.231977402639728
sample_0984.png,1.0,0.3333333333333333,-6.818214571651869
sample_0985.png,0.0,1.3333333333333333,-7.431407971172507
sample_0986.png,0.3333333333333333,1.0,4.304468960507983
sample_0987.png,0.0,-0.3333333333333333,9.260221531171478
sample_0988.png,0.6666666666666666,-0.3333333333333333,1.8476102659945959
sample_0989.png,-0.3333333333333333,1.3333333333333333,-7.431407971172507
sample_0990.png,-1.3333333333333333,0.3333333333333333,-3.077455399424377
sample_0991.png,1.0,-0.6666666666666666,4.304468960507983
sample_0992.png,-0.6666666666666666,1.3333333333333333,-6.818214571651869
sample_0993.png,1.0,-1.0,-1.8476102659945959
sample_0994.png,0.0,-0.0,-3.077455399424377
sample_0995.png,-1.3333333333333333,-0.3333333333333333,-1.231977402639728
sample_0996.png,1.0,-0.0,-6.203447901691836
sample_0997.png,0.6666666666666666,-1.0,6.203447901691836
sample_0998.png,0.6666666666666666,1.3333333333333333,4.304468960507983
sample_0999.png,0.6666666666666666,0.6666666666666666,4.91656600601002
