filename,dx_error_mm,dy_error_mm,theta_error_deg,quality_accepted,quality_confidence,quality_failed_checks
sample_0000.png,0.016601522763570076,-0.00419108072916663,0.029138340766820647,False,0.8243372270461063,shell_circularity
sample_0001.png,0.012069662412007576,0.031005879243214962,-0.008878794387841005,False,0.8597229710060488,shell_circularity
sample_0002.png,0.03848771254221606,0.011037210623423221,0.011387804638243182,False,0.8431458764871036,shell_circularity
sample_0003.png,-0.024149596691131592,0.006551096836725889,0.00825399742811772,False,0.8498378905002908,shell_circularity
sample_0004.png,-0.06955973307291667,-0.018671631813049316,-0.024263522597366416,False,0.8162208838151245,shell_circularity
sample_0005.png,0.07635502020517992,0.009755492210388184,0.06137609181594961,False,0.8129809394445054,shell_circularity
sample_0006.png,0.04782613118489576,-0.014455139636993408,0.0428147451263996,False,0.8264926826647108,shell_circularity
sample_0007.png,0.01017252604166663,0.01992796858151752,0.014158255290764643,False,0.8507051735803263,shell_circularity
sample_0008.png,0.0148773193359375,0.04816178480784106,-0.009602375511589045,False,0.8377114457125129,shell_circularity
sample_0009.png,-0.006846100091934204,0.0265045166015625,-0.027302145349063167,False,0.8588422673110241,shell_circularity
sample_0010.png,0.03185530503590894,-0.00812784830729174,0.01322613063865008,False,0.8603371121985862,shell_circularity
sample_0011.png,0.0596923828125,-0.1044464111328125,-0.003739069250171312,False,0.8173845589949826,shell_circularity
sample_0012.png,0.0007222592830657959,-0.035151163736979164,-0.07023640495032346,False,0.8593389922123382,shell_circularity
sample_0013.png,-0.05768841505050659,-0.016474395990371704,-0.07612444642803506,False,0.8571497370906881,shell_circularity
sample_0014.png,-0.001525888840357481,-0.0035654803117116107,-0.010293384127660232,False,0.8512459037467486,shell_circularity
sample_0015.png,0.035313934087753296,0.04833985368410748,0.10888064227907723,False,0.8279818395079883,shell_circularity
sample_0016.png,-0.06256608168284106,0.03544108072916663,-0.031825240916847575,False,0.8513228369985563,shell_circularity
sample_0017.png,0.08084104458491004,0.017272988955179924,0.023011002413844572,False,0.8018281266965714,shell_circularity
sample_0018.png,0.04407242933909106,-0.007054686546325684,0.0378664171942682,False,0.8633832038366257,shell_circularity
sample_0019.png,0.04283140103022254,0.012720704078674316,-0.08530560848641056,False,0.8760179143619594,shell_circularity
sample_0020.png,-0.013819376627604166,-0.024261434872945076,-0.07234663677625397,False,0.8430213757169768,shell_circularity
sample_0021.png,0.003067026535669981,0.04368589321772254,-0.021318287083785137,False,0.8482999474535813,shell_circularity
sample_0022.png,-0.0184478759765625,-0.015431761741638184,-0.010731501410515376,False,0.8120451960792103,shell_circularity
sample_0023.png,-0.019312500953674316,0.004414856433868408,-0.025468900972892783,False,0.8872003521128115,shell_circularity
sample_0024.png,-0.014887471993764279,0.001007080078125,0.00034733017445987,False,0.8528963678767527,shell_circularity
sample_0025.png,-0.004587829113006592,0.011708577473958334,0.017383904406692796,False,0.8737656993451528,shell_circularity
sample_0026.png,-0.027928630510966057,-0.025650044282277462,0.18031182038184124,False,0.8906623096848075,shell_circularity
sample_0027.png,-0.02277118961016339,0.07633464535077411,-0.08613440584040255,False,0.8776531038794412,shell_circularity
sample_0028.png,-0.007532715797424316,0.03682961066563928,-0.0717221044891474,False,0.8944448635728618,shell_circularity
sample_0029.png,0.019210775693257576,-0.03722125291824341,-0.031614977703203095,False,0.8457803555552448,shell_circularity
sample_0030.png,0.06195068359375,0.01847328742345178,0.0019791230060199894,False,0.8520851849797265,shell_circularity
sample_0031.png,-0.02332561214764911,0.0471038818359375,-0.01654875466603034,False,0.8624931450577176,shell_circularity
sample_0032.png,-0.00041199723879498107,0.04606119791666674,0.010975763501314795,False,0.833928974462056,shell_circularity
sample_0033.png,0.05068463087081909,0.004842132329940796,0.01520015109217332,False,0.8506509561333275,shell_circularity
sample_0034.png,-0.040308624505996704,0.005676279465357481,-0.04857152452028668,False,0.8676803430046153,shell_circularity
sample_0035.png,-0.030492146809895832,-0.02137247721354174,-0.05396238136652487,False,0.8349333551843172,shell_circularity
sample_0036.png,-0.05242921908696496,-0.04557289679845178,-0.01654859400619113,False,0.8518096464196384,shell_circularity
sample_0037.png,0.022674560546875,0.0030059417088825757,0.09569864054469557,False,0.8870390748253526,shell_circularity
sample_0038.png,0.018768270810445076,0.005447367827097538,0.006900199449644262,False,0.841293734671667,shell_circularity
sample_0039.png,-0.0005086660385131836,-0.0020751555760700757,-0.016635436651156965,False,0.8179750466766539,shell_circularity
sample_0040.png,-0.02115885416666663,0.034088134765625,0.10615751943108265,False,0.8820362883622472,shell_circularity
sample_0041.png,0.031646728515625,0.02629088362058002,0.017265664513266277,False,0.8395216490651409,shell_circularity
sample_0042.png,0.0014394124348958703,-0.054662078619003296,-0.0083529871344874,False,0.8519999003546957,shell_circularity
sample_0043.png,-0.09041343132654822,-0.042134612798690796,-0.05583714785218863,False,0.8569635092740392,shell_circularity
sample_0044.png,-0.04907227555910748,-0.015919983386993408,-0.005028603841866541,False,0.8489826101556021,shell_circularity
sample_0045.png,0.0001983642578125,0.02493793765703839,0.0022093013940356343,False,0.8516429614060864,shell_circularity
sample_0046.png,0.01664734880129498,-0.04518632094065356,0.09436352663987702,False,0.8471971947882178,shell_circularity
sample_0047.png,-0.03568520148595178,-0.006256093581517519,0.06081424977426764,False,0.8497231549746007,shell_circularity
sample_0048.png,0.003891011079152462,-0.02079265316327411,-0.025455702132560987,False,0.8667473963964433,shell_circularity
sample_0049.png,-0.02435302734375,0.029729167620341057,-0.21934884278759625,False,0.8473982003194209,shell_circularity
sample_0050.png,-0.01979575554529822,0.01297505696614576,-0.06932166939613449,False,0.8786922964646433,shell_circularity
sample_0051.png,-0.025716145833333332,-0.026189178228378296,0.1428365135833829,False,0.8711506185640956,shell_circularity
sample_0052.png,0.04399109880129498,-0.028549174467722538,0.12804172362885247,False,0.8645812576351353,shell_circularity
sample_0053.png,-0.023930827776591057,0.03328452507654822,0.005972597809050351,False,0.9048892146818882,shell_circularity
sample_0054.png,-0.017964720726013184,-0.025492370128631592,-0.015849744733609228,False,0.8471621764372218,shell_circularity
sample_0055.png,-0.0007273356119791297,-0.05090839664141339,0.03552485644912906,False,0.9000450837186655,shell_circularity
sample_0056.png,-0.019439717133839962,-0.01602680484453839,-0.2134612607790478,False,0.8513331169061447,shell_circularity
sample_0057.png,0.04010516405105591,0.06259156266848248,-0.04739424253581692,False,0.8612192924708812,shell_circularity
sample_0058.png,0.04460145036379498,-0.0159454345703125,-0.04311919700113176,False,0.8507161442136422,shell_circularity
sample_0059.png,-0.005920430024464962,-0.0028127034505208703,0.07353367526632937,False,0.8678219904944894,shell_circularity
sample_0060.png,0.004119882980982481,0.006500244140625,-0.0029724885510109544,False,0.8378857569105614,shell_circularity
sample_0061.png,-0.05335489908854163,0.005355815092722538,-0.08087695898364933,False,0.8841162424131092,shell_circularity
sample_0062.png,0.0034891764322917407,-0.0036112070083618164,0.030628561776827823,False,0.8148041352630223,shell_circularity
sample_0063.png,0.0689493715763092,-0.039850870768229164,0.058618258505303444,False,0.8287394928079755,shell_circularity
sample_0064.png,-0.023905456066131592,0.003377258777618408,0.024899119051432272,False,0.8178105789001531,shell_circularity
sample_0065.png,0.02573140462239576,-0.008631348609924316,-0.034837896910277166,False,0.8260398325029075,shell_circularity
sample_0066.png,-0.00962321956952411,0.02942911783854163,0.053816903831521046,False,0.8377009762649581,shell_circularity
sample_0067.png,-0.052947958310445076,-0.04467262824376428,-0.028014552540822635,False,0.8236678739198688,shell_circularity
sample_0068.png,-0.037618011236190796,0.046137481927871704,-0.04333599799012933,False,0.8542742678853298,shell_circularity
sample_0069.png,0.0013223886489868164,0.06793212890625,0.002740701898374276,False,0.8308228714343646,shell_circularity
sample_0070.png,0.02601115902264911,-0.008829752604166666,-0.01810939258300337,False,0.8677693643256474,shell_circularity
sample_0071.png,-0.02555339535077411,0.005828877290089962,0.02447142451585904,False,0.8510080025973731,shell_circularity
sample_0072.png,0.008850077788035038,-0.0011342565218607215,0.027038245555504048,False,0.8718841236654786,shell_circularity
sample_0073.png,0.0034789641698200757,-0.027323424816131592,-0.047348303661931546,False,0.8876089389297606,shell_circularity
sample_0074.png,0.01778667171796161,0.021341979503631592,-0.05812331045553476,False,0.8864247330522873,shell_circularity
sample_0075.png,-0.03271484375,0.03997803727785748,0.003106566978093639,False,0.8811768084833602,shell_circularity
sample_0076.png,-0.04685469468434644,0.05437217156092322,0.015985324393306577,False,0.8645924415028445,shell_circularity
sample_0077.png,0.030934691429138184,-0.008677124977111816,0.03738442812441578,False,0.874134563399254,shell_circularity
sample_0078.png,-0.011220335960388184,0.031219482421875,0.06619741364955178,False,0.8787035469277894,shell_circularity
sample_0079.png,0.002314289410908943,0.05721028645833337,0.030894238970044174,False,0.8456158866094146,shell_circularity
sample_0080.png,0.03344219923019409,0.04571533203125,0.024736139069164054,False,0.7986193622945105,shell_circularity
sample_0081.png,0.01740517218907678,0.04954020182291663,0.0014869706906885938,False,0.8543863732492553,shell_circularity
sample_0082.png,-0.022064169247945076,-0.034362832705179924,-0.012188077930115782,False,0.9007567670825873,shell_circularity
sample_0083.png,-0.04744462172190356,0.01359050472577411,0.0042531800874936465,False,0.8613478950232134,shell_circularity
sample_0084.png,0.011113484700520834,-0.03844708204269409,-0.11296178232305376,False,0.8505921749338652,shell_circularity
sample_0085.png,0.01565041144688928,-0.0011698504288991107,0.006984201054088146,False,0.811779778203467,shell_circularity
sample_0086.png,-0.011006653308868408,0.05594379703203839,-0.03188273152439436,False,0.8680650483952678,shell_circularity
sample_0087.png,-0.03848268588383996,0.017333984375,0.06168131722380288,False,0.8709296787565272,shell_circularity
sample_0088.png,-0.032470703125,0.0269775390625,0.08342805409253895,False,0.8722774698858002,shell_circularity
sample_0089.png,-0.00931803385416674,0.015299459298451779,0.002993943602685789,False,0.8858224034111734,shell_circularity
sample_0090.png,-0.022603352864583332,-0.01687621076901752,-0.028025109353887783,False,0.8147050065729589,shell_circularity
sample_0091.png,0.011016805966695076,0.002014170090357481,-0.007051218479246835,False,0.8404620104765698,shell_circularity
sample_0092.png,-0.0007527669270833703,-0.009079019228617424,-0.17657887153482044,False,0.8615497541295004,shell_circularity
sample_0093.png,-0.023864726225535038,-0.01306660970052087,0.07570120551303128,False,0.8871719858268327,shell_circularity
sample_0094.png,-0.009897847970326779,0.00032554070154822146,-0.02485495676830407,False,0.8559014777642381,shell_circularity
sample_0095.png,0.0061136682828267785,0.03231300910313928,-0.015346093052450271,False,0.8192663921415424,shell_circularity
sample_0096.png,-0.0016988118489582593,-0.03130088249842322,0.010688640294273438,False,0.8513639566289097,shell_circularity
sample_0097.png,0.010701517264048221,0.079925537109375,-0.018699920408129955,False,0.8013086839444609,shell_circularity
sample_0098.png,0.03482560316721606,0.004333535830179924,0.02023139765939419,False,0.8989611370340918,shell_circularity
sample_0099.png,0.026331623395283943,0.06162516276041674,0.05253320953655649,False,0.8129409518797237,shell_circularity
