time_s,qt_pair_residual_j,q235_pair_residual_j,q235_interior_residual_j,qt_interior_residual_j,weld_interior_residual_j,qt_weld_side_gradient_j,qt_parent_side_gradient_j,q235_weld_side_gradient_j,q235_parent_side_gradient_j
18,0,0,0,0,0,0,0,0,0
18.1,3.816074121664e-09,5.04612406827753e-09,1.56044086407309e-08,6.2566705891419e-09,-9.53639704777535e-06,13.368177985224,11.613334784968,16.24814152104,13.0664396106924
18.2,-1.8410696368906e-09,-3.9248534120323e-09,-9.3847903625651e-09,-5.67956731125613e-09,-9.78992172345994e-06,13.3712108518205,11.6162243832193,16.1885045104221,13.0331749740493
18.3,6.87789906626375e-07,-5.57486877858958e-09,-1.98961715323026e-08,1.43257259933736e-08,-9.26904824123196e-06,13.378864837465,11.6469811589776,16.129365008691,12.99462481891
18.4,7.70031878864357e-09,7.8980677372145e-09,2.69336130594967e-08,1.29105841500305e-08,-1.05530241222631e-05,13.396295988335,11.6814829063234,16.0690553709757,12.9517097748771
18.5,1.97539229377966e-07,-2.56252175645678e-09,-6.95314241629738e-09,3.86069571790946e-09,-9.80758651192748e-06,13.4162086947913,11.7154005766596,16.0017214318102,12.9020700187055
18.6,-2.10020536081814e-07,1.56367544742521e-08,4.83815575702918e-08,-5.38141524131495e-08,-1.07905559811406e-05,13.4380036127466,11.7428043781125,15.9286812887919,12.8497729289904
18.7,6.79557429914234e-07,-2.26046136974574e-08,-6.95332644515007e-08,1.25809784111032e-07,-6.73808834714745e-06,13.4522381302568,11.7545187417026,15.9345157105196,12.845276947778
18.8,-1.40283203897421e-09,-3.70169906978453e-09,-1.02657811904346e-08,-5.18326919113907e-09,-8.34445548305259e-06,13.4749767887985,11.7412882801084,16.0413499352245,12.8904009617743
18.9,1.59016326274095e-08,2.15500083813918e-08,4.26154190981706e-08,2.91417252017953e-08,-8.71269145109338e-06,13.4869111064914,11.7528749785232,16.0917639191579,12.9348608292448
19,1.75977594436963e-09,-1.29694984462122e-09,-4.15421337873855e-08,4.79769973795179e-09,-8.86037619362364e-06,13.5067757505063,11.7737959421912,16.1062246711965,12.9599006057586
19.1,2.35394405037674e-09,3.44487724340632e-09,1.59683859672982e-08,1.01748315138337e-08,-8.94576705903606e-06,13.5223746304008,11.7945429381315,16.0973687883816,12.9694102887412
19.2,-2.04368015651234e-09,-4.07796694198522e-09,-1.69487503268158e-08,-4.38883284155481e-09,-9.12620023401588e-06,13.5346761130241,11.8107858204444,16.0755184919938,12.9680473246749
19.3,7.75438607837816e-09,7.6383138400045e-09,2.70273500731266e-08,8.36050827020827e-09,-8.84867336529486e-06,13.5435977999925,11.8211757046623,16.0408839849796,12.9602937281688
19.4,1.18304146392225e-09,3.94577612309812e-09,1.24099672132719e-08,5.4633456896573e-09,-9.21294075352668e-06,13.5387530714234,11.8246209802017,15.9921369420678,12.9418937389507
19.5,5.63363821715205e-09,1.19662969559446e-08,2.98164564508249e-08,1.74413474667924e-08,-1.01217278860369e-05,13.5327811207299,11.8234071808416,15.9294383724153,12.9101188732848
19.6,3.23695512627481e-08,-3.70017612061883e-09,-1.54044429331893e-07,1.22846510875614e-07,-9.44642673180244e-06,13.5377493933475,11.8442678262168,15.8690798496439,12.8720747177155
19.7,3.50159915410563e-07,2.17143034417757e-08,3.48949194388463e-08,9.77776175381096e-08,-9.43916106935675e-06,13.550082126322,11.8801858825845,15.8111468417377,12.8311039731927
19.8,-3.60615704014158e-07,3.85731543275832e-09,9.16596017183803e-09,-7.60097518582495e-08,-9.67131245676559e-06,13.5704216003897,11.9143404567176,15.7453475483618,12.7834217448443
19.9,2.86885137188854e-06,2.21938715444354e-10,8.210372159892e-10,6.81142827669287e-07,-9.81541727067523e-06,13.595686843034,11.9437285726926,15.6760078768069,12.7307328319698
20,3.19108422822867e-09,5.88382385212289e-09,1.59393652790479e-08,7.60178426354694e-09,-9.90957945452669e-06,13.6064534073344,11.9718053095109,15.598714024404,12.6955574503647
20.1,-6.79978177895862e-08,1.53034243121781e-08,4.46153614568939e-08,4.92235605748637e-09,-1.0074809114277e-05,13.6292516850811,11.9481689126788,15.7315604642636,12.7338351569032
20.2,3.53007722916819e-09,5.2757025538576e-09,1.4834309859556e-08,7.06814091733705e-09,-8.09910520189932e-06,13.6439388686881,11.9543104662926,15.8017946660902,12.7883749932632
20.3,1.60510408273667e-09,-1.17790501788393e-09,-3.91270357565494e-08,4.41692497366866e-09,-8.39161824756668e-06,13.663333623906,11.9736930287041,15.8254590346942,12.8186094935273
20.4,2.14410454346405e-09,3.3529801871457e-09,1.56015066419471e-08,9.33409878025274e-09,-8.47571271881131e-06,13.6802845798129,11.9947098255482,15.8231644555849,12.833951914526
20.5,-2.35362256023319e-09,-4.57774720805133e-09,-1.93406298196889e-08,-5.00247745984438e-09,-8.67331587628176e-06,13.6937261223106,12.012463202652,15.8051335152728,12.8326802757215
20.6,3.19210102621674e-09,2.6137039569384e-09,1.12315514600886e-08,1.50624122404035e-08,-8.65969227924883e-06,13.7036821945523,12.0249409216774,15.7761352378176,12.8264677586972
20.7,3.48593025929085e-09,7.89220555658121e-09,2.29717809205077e-08,1.16315595287684e-08,-7.99825210889559e-06,13.7064592276503,12.0310883120726,15.7325536066555,12.8123738616932
20.8,1.55730459152823e-08,2.0196885625799e-08,5.81860877978112e-08,2.50721052770002e-08,-7.52772341694267e-06,13.6985707343018,12.0305509110162,15.6768348552248,12.7855714157674
20.9,5.4654332308521e-09,4.07366068161924e-09,-3.25841546615787e-09,1.29380879613438e-08,-8.96824989982525e-06,13.6976521662826,12.0394757217479,15.6133081478604,12.7486577921216
21,-1.08646947895965e-08,-1.16290429735194e-08,-3.18792698364028e-08,-1.26996796954777e-08,-8.39188068828821e-06,13.702966454836,12.074303271655,15.5539032895699,12.7079831141184
21.1,-4.93281397004469e-07,4.76892157870224e-09,1.27262421728943e-08,-1.03022167112171e-07,-9.20915962262203e-06,13.7244434084472,12.1106184648687,15.4928213783745,12.6631374415136
21.2,-1.66377291357327e-07,-6.40486569586014e-09,-1.52158412771484e-08,-5.90261979826466e-08,-8.95616756592575e-06,13.7443972812303,12.1413699389555,15.4240206658998,12.6118874850352
21.3,5.84014167983838e-08,1.94019496168348e-08,4.08086817322302e-08,3.8262312523625e-08,-7.93340703172284e-06,13.7660735670398,12.1671420980277,15.3490391671251,12.5702016654947
21.4,5.20608078799173e-08,-6.74347901458511e-09,-1.93149775485881e-08,2.76816087457752e-09,-6.80875212553715e-06,13.781849573135,12.1560843997812,15.4139125960319,12.5863275711938
21.5,-1.72640917270569e-08,-1.14662455923071e-08,-3.80139132183846e-09,-5.72687869190226e-08,-7.8278206875667e-06,13.7976545865315,12.1528542113646,15.5040902728731,12.6367333348607
21.6,1.02466389457617e-08,1.43460925162598e-08,2.91046915108107e-08,1.92385380392142e-08,-7.87705684490998e-06,13.817010834702,12.1700760117525,15.5425009577678,12.6755311595418
21.7,1.95366267757554e-09,3.24477351960508e-09,1.51213347745921e-08,8.62483503692746e-09,-8.00032419859545e-06,13.8356019479698,12.1915536435528,15.5482234533039,12.6940831021692
21.8,-3.26823794645448e-09,-6.11644824252576e-09,-2.66190468706564e-08,-6.87777467245431e-09,-8.26189050029793e-06,13.8502727168595,12.2101877112424,15.5357145659321,12.6979120704632
21.9,3.10658057501271e-09,2.65245559241058e-09,1.1614831077826e-08,1.47494231497879e-08,-8.18125165853158e-06,13.8613520564273,12.2246184457969,15.5101800770105,12.6895481599416
22,1.57803972431078e-08,1.5560871821182e-08,5.41187509116527e-08,1.69358895360235e-08,-7.29360629456863e-06,13.8687478421319,12.2336209667594,15.4743587208997,12.6803465297431
22.1,3.96478436027529e-09,9.17128042599128e-09,2.67048210847767e-08,1.3400538265803e-08,-8.03641553847724e-06,13.864748857997,12.2354276927293,15.4242899693192,12.6582259767517
22.2,-1.33099490807791e-08,-1.61710454250863e-09,1.24162314284989e-08,-3.22529378310642e-08,-8.34172788798972e-06,13.8564971487447,12.2354184579551,15.3619105617398,12.6236946345019
22.3,2.62586227884457e-08,-3.04083085649276e-09,-1.42271772491952e-07,1.18853838160599e-07,-8.59832068200811e-06,13.85980722879,12.2634395133915,15.3002031528133,12.5835322246712
22.4,1.58547227126999e-07,1.17046384724762e-08,3.44852136681511e-08,-6.53997077944768e-08,-8.88457833717735e-06,13.8724069264562,12.3047967233365,15.2419171967029,12.5406348935278
22.5,2.68041957910547e-08,-5.74532048017042e-09,-1.51010161680756e-07,1.03424190822462e-07,-8.83369912200086e-06,13.8965233863373,12.3330338490585,15.1732559438697,12.4911582023401
22.6,2.15196447033821e-07,8.61349599762134e-09,2.41447941724792e-08,2.36456517506603e-08,-9.06820013704106e-06,13.9189055710036,12.3618667056408,15.1023255213427,12.44409050545
22.7,2.73008122854214e-08,-3.73538334537046e-09,-1.32625557448845e-08,2.7897919468359e-09,-7.05168729957572e-06,13.9350808397161,12.3665154039253,15.100494320747,12.4397981999248
22.8,1.71233403174523e-08,2.09433732816075e-08,2.27642182652624e-08,5.87622046310847e-08,-7.40280145825605e-06,13.9503042363695,12.3516528781557,15.207744881732,12.4835916533221
22.9,2.37978761166194e-08,3.56955060961068e-08,9.25417225789821e-08,4.73921779759811e-08,-6.05076850109392e-06,13.9699069978204,12.3645248148401,15.2616781229995,12.5298407306658
23,1.75255601129793e-09,-1.35585785506738e-09,-4.18752183355005e-08,4.78987177196649e-09,-7.52003202438261e-06,13.9882629334527,12.3853976321338,15.2760528554166,12.5537352939459
23.1,-4.3485699418548e-09,-7.84547725049513e-09,-3.50906748826733e-08,-9.02876087485922e-09,-7.88240329750132e-06,14.0040061641237,12.4050593632659,15.2689356975892,12.5620509252822
23.2,2.97045188642895e-09,2.75314270274165e-09,1.23954044655936e-08,1.40227917616918e-08,-7.69651494126723e-06,14.0162686761862,12.4204107182041,15.2475820238381,12.55530964224
23.3,3.24964897027294e-09,2.53955490296771e-09,1.07781831619026e-08,1.50794435709198e-08,-7.79250711842936e-06,14.0243851434359,12.4312880199004,15.2157578501254,12.5453759199109
23.4,4.68081276851386e-09,1.03111362722096e-08,2.97778740423689e-08,1.50041288076946e-08,-6.65110226908781e-06,14.0276287609051,12.4358468845807,15.1723475776151,12.5284073693874
23.5,1.847909965215e-08,2.41208302233354e-08,6.87028192939433e-08,2.97076875475788e-08,-6.15657761450141e-06,14.0173879223111,12.4339780486261,15.1159268143171,12.4987384036109
23.6,-9.00616276392687e-09,-1.93862462021809e-08,-4.76771218134039e-08,-2.76287678416859e-08,-7.84055877064134e-06,14.0153497937551,12.4533146361682,15.0515808028468,12.4595469635922
23.7,-5.57389301139768e-09,1.72416898493661e-09,1.05330149889937e-08,7.85370542416398e-09,-9.96934376311439e-06,14.0231810394118,12.4914922112367,14.992013680856,12.4167433283989
23.8,1.23591258646234e-06,1.82013663896797e-08,4.78371116538004e-08,9.45405259060013e-08,-8.2974831172248e-06,14.0437740972539,12.5232706713934,14.9279588745963,12.3697214630787
23.9,-3.55462192728164e-08,8.82247239130728e-09,2.98503095476669e-08,-5.90947632952216e-09,-8.91689893238951e-06,14.0644662237416,12.5517829366588,14.8575920282372,12.3199806518194
24,2.539437459613e-06,-8.95877005185335e-09,-2.36553717199449e-08,6.33877803298873e-07,-7.82944452263981e-06,14.0842768194955,12.5780204570207,14.7823504756209,12.2904005578925
24.1,-2.89922972849789e-09,-8.16030464818743e-09,-2.24737307433019e-08,-1.13551467733065e-08,-6.03142700455356e-06,14.0995444636539,12.5498718051973,14.9074983123223,12.3261366792009
24.2,3.63306266417989e-09,5.31826958182902e-09,2.17744179229027e-08,1.46669731453237e-08,-6.94818755271591e-06,14.1188084010885,12.5560696638775,14.9815363372225,12.3802438159211
24.3,1.30106947312418e-08,1.68560482075315e-08,3.76524638137082e-08,2.94407108830286e-08,-6.99146436935403e-06,14.1374595710633,12.575394236279,15.0063109273694,12.4117688343512
24.4,-4.38415961219375e-09,-7.83974586367602e-09,-3.54038843072796e-08,-9.03345313397197e-09,-7.45474593573779e-06,14.1544022753321,12.5958891263682,15.0048784845337,12.4243047766905
24.5,2.8278810532013e-09,2.97836549109864e-09,1.37072131741531e-08,1.30306832786799e-08,-7.20420728067718e-06,14.1679869305128,12.6123237892102,14.9887491933237,12.4230243644417
24.6,3.18565923638141e-09,2.54700487119976e-09,1.09507762680324e-08,1.50205452142832e-08,-7.29832229077284e-06,14.1770603427177,12.6244364974923,14.9595422847158,12.4106521263705
24.7,1.4705042020538e-08,1.48566191817677e-08,5.03237753222026e-08,1.57736053049496e-08,-6.35829956568645e-06,14.1830856813405,12.631507759911,14.9224984716444,12.397529303323
24.8,6.63709727408412e-09,1.57566827318094e-08,4.53992109171109e-08,2.28094695045154e-08,-6.76613480832081e-06,14.1782274302344,12.6317090618335,14.8711185491683,12.3723118968568
24.9,-7.867369916132e-09,5.92608202418821e-09,2.32838649149294e-08,-2.35168775930243e-08,-7.46261099593444e-06,14.1692868683927,12.6407432123953,14.8084551410421,12.335648120835
25,-8.19203163385128e-09,-9.49896496884859e-09,-2.03918591200094e-08,-2.38950800739403e-08,-7.76550712831399e-06,14.1745937944167,12.6722995434302,14.7472468241128,12.2936798893674
25.1,1.45473325806079e-06,-2.83877123605866e-09,-8.62609330626457e-09,2.50908864324548e-07,-7.92247365913781e-06,14.1873388937106,12.7100650874452,14.6855444338034,12.2481970808973
25.2,-1.86365125804318e-07,2.79928455982753e-08,2.64765092744085e-08,2.42162774555508e-08,-7.99590949318017e-06,14.2099338003065,12.7373308680984,14.6161716892516,12.1972999787842
25.3,2.62889994957685e-08,1.61107364894133e-08,4.36783906842492e-08,-8.62527594491678e-08,-7.40336883140083e-06,14.2312582507489,12.7661417234158,14.5443971212971,12.1637303293193
25.4,-5.36240814532362e-09,-1.45970434447733e-08,-4.27689241583801e-08,-1.90381236802738e-08,-4.69612870572577e-06,14.2455549645816,12.7488978399091,14.602489380922,12.1789524290761
25.5,1.39365620879874e-08,1.57247206086464e-08,3.58126680998461e-08,1.00977205634471e-08,-6.42116653220179e-06,14.26185320633,12.7438514087145,14.6953121827089,12.2280579501766
25.6,1.44417299628113e-08,2.15742988913514e-08,5.54502077243668e-08,2.85274752214801e-08,-5.90282887911686e-06,14.2851718643761,12.7617196976838,14.7363855785256,12.2673077809866
25.7,-6.64733540550709e-09,-1.15088553405329e-08,-5.11298990482366e-08,-1.31733300868325e-08,-7.22926156695874e-06,14.3021872090333,12.7826854648037,14.7426484176803,12.2869383257133
25.8,2.64204766145315e-09,3.14185542010799e-09,1.45952523089859e-08,1.18224097416107e-08,-6.70287166616186e-06,14.316948915505,12.8006798605415,14.7321549407965,12.2893904619556
25.9,3.12198977198558e-09,2.57978235575308e-09,1.12567075239401e-08,1.49468558607516e-08,-6.79478007427496e-06,14.3269526061543,12.8136960001172,14.7066837254913,12.2787044489283
26,3.3259841478934e-09,2.47356041994086e-09,1.03257995742829e-08,1.53072020462158e-08,-6.89147536761054e-06,14.3334805657081,12.8225500374304,14.6728591585683,12.2650647146755
